artifact_id,artifact_name,artifact_type,source_script,source_function,input_data,checkpoint,config,seed,device,batch_size,reported_value,recomputed_value,output_file,status,root_cause,notes
A0001,fig1_deeponet_pricing_error.png,figure,src/run_paper1_experiments.py,run_experiment_1_deeponet_pricing_and_speed,500 generated labels; not persisted,ABSENT,500/200steps; K100;r.03;lr.003;PDE.01,2026,CPU inferred from source; historical hardware/runtime unknown,,,,fig1_deeponet_pricing_error.png,NEEDS_COLAB_HEAVY_RUN,No historical checkpoint/raw arrays,"Source candidate identified, not proof of historical execution."
A0002,fig2_autograd_greeks_surface.png,figure,src/run_paper1_experiments.py,run_experiment_2_autograd_greeks,exp1 model; first branch sample; 50x50 S/T grid,ABSENT,"S70:130,T.1:2,K100",2026,CPU inferred from source; historical hardware/runtime unknown,,,,fig2_autograd_greeks_surface.png,NEEDS_COLAB_HEAVY_RUN,No historical checkpoint/raw arrays,"Source candidate identified, not proof of historical execution."
A0003,fig3_timegan_synthetic_paths.png,figure,src/run_paper1_experiments.py,run_experiment_3_timegan_risk_neutral_paths,untrained GRU; fresh Gaussian noise,ABSENT,S0=100;r=.03;dt=1/252;252 steps;200 paths,2026,CPU inferred from source; historical hardware/runtime unknown,200,,"{""trained"": false, ""theoretical_mean"": 103.0454533953517, ""mean"": 44.8918150806427, ""median"": 44.59452247619629, ""std_ddof0"": 5.982681799598243, ""min"": 24.236860275268555, ""max"": 59.79826354980469, ""quantiles"": {""0"": 24.236860275268555, ""1"": 32.214330520629886, ""5"": 35.667528533935545, ""25"": 40.59067249298096, ""50"": 44.59452247619629, ""75"": 48.93195343017578, ""95"": 54.904754829406734, ""99"": 58.18450275421142, ""100"": 59.79826354980469}, ""all_path_peak"": 11699.416015625, ""first30_peak"": 2972.41162109375, ""terminal_growth_absolute_error"": 0.5815363831470899}",fig3_timegan_synthetic_paths.png,REPRODUCED,Untrained generator; time-axis normalization,Path statistics reproduced within floating-point tolerance; exact historical pixels/runtime not certified. Scientific risk-neutral claim false.
A0004,fig4_us_volatility_surface.png,figure,src/run_paper1_experiments.py,run_experiment_4_us_volatility_surface_calibration,synthetic CSV last VIX,ABSENT,IV=VIX[-1]/100+.15(1-K/S)^2+.05exp(-T),2026,CPU inferred from source; historical hardware/runtime unknown,,,,fig4_us_volatility_surface.png,INCONSISTENT,Synthetic IV formula presented as real calibration,"Source candidate identified, not proof of historical execution."
A0005,fig5_deep_hedging_transaction_costs.png,figure,src/hedging_engine.py,run_experiment_hedging_transaction_costs,independent trained model; generated Heston paths; hedging_results.json,ABSENT,5000 labels;150steps;200paths;30days;TC0/10/20bps,2026,CPU inferred from source; historical hardware/runtime unknown,,,,fig5_deep_hedging_transaction_costs.png,INCONSISTENT,Histogram uses final20bps arrays but title/legend10bps; manuscript Table3 source absent,"Source candidate identified, not proof of historical execution."
A0006,fig6_multi_asset_basket_correlation.png,figure,src/multi_asset_extension.py,run_experiment_multi_asset,constant-volatility two-asset GBM MC labels,ABSENT,600 labels;10000 MC each;400steps,2026,CPU inferred from source; historical hardware/runtime unknown,,,,fig6_multi_asset_basket_correlation.png,NEEDS_COLAB_HEAVY_RUN,No historical checkpoint/raw arrays,"Source candidate identified, not proof of historical execution."
A0007,fig7_stress_test_leverage_ood.png,figure,src/stress_test_leverage.py,run_experiment_stress_test,Gaussian log returns; no trained generator,ABSENT,500 paths;30steps;three synthetic regimes,2026,CPU inferred from source; historical hardware/runtime unknown,,,"{""Standard Market"": {""corrected_martingale_error"": 0.0002719427192296231, ""max_error"": 0.0008165724303126343, ""raw_martingale_error"": 0.00033308596531257396, ""terminal_mean"": 100.2268820837862}, ""COVID-19 Crash (OOD)"": {""corrected_martingale_error"": 0.0008890013372771547, ""max_error"": 0.0023990448888561167, ""raw_martingale_error"": 0.0013446084392706669, ""terminal_mean"": 98.63603647834628}, ""3x Leveraged ETF (TQQQ)"": {""corrected_martingale_error"": 0.0014492753404500402, ""max_error"": 0.004662630595298145, ""raw_martingale_error"": 0.0017195939896975172, ""terminal_mean"": 97.91830869132181}}",fig7_stress_test_leverage_ood.png,REPRODUCED,"Unconditional one-step gross-ratio metric, not conditional martingale",Statistics reproduced; exact figure raster not regenerated.
A0008,fig8_ablation_study_baselines.png,figure,src/ablation_study.py,run_experiment_ablation,400 Fourier labels;3 independently trained models,ABSENT,150steps each;supervised PINN;no FNO,2026,CPU inferred from source; historical hardware/runtime unknown,,,,fig8_ablation_study_baselines.png,NEEDS_COLAB_HEAVY_RUN,No historical checkpoint/raw arrays,"Source candidate identified, not proof of historical execution."
A0009,fig9_training_loss_convergence.png,synthetic_figure,src/plot_training_loss.py,module body,synthetic exponential curves and random noise,,200 artificial points;seed2026,2026,CPU inferred from source; historical hardware/runtime unknown,,,,fig9_training_loss_convergence.png,MANUAL_VALUE_SUSPECTED,"Confirmed artificial loss construction in source, not observed training",Synthetic construction established; intent is not inferred.
A0010,test_fig5.png,test_figure,,,,,,,,,,,test_fig5.png,SOURCE_NOT_FOUND,No producing script in working tree or reachable Git history,"ORPHANED; visually plain line from (1,3) to (2,4), unrelated to final hedging chart; likely committed test, obsolescence cannot be established."
A0011,paper1_experiments_summary.json,result_json,src/run_paper1_experiments.py,main,,ABSENT,See source and report,2026,CPU inferred from source; historical hardware/runtime unknown,,,,paper1_experiments_summary.json,NEEDS_COLAB_HEAVY_RUN,Aggregate output without raw arrays/checkpoint,
A0012,paper1_experiments_summary.json::rmse,reported_scalar,src/run_paper1_experiments.py,main,paper1_experiments_summary.json,ABSENT,,2026,CPU inferred from source; historical hardware/runtime unknown,,1.1793586015701294,,paper1_experiments_summary.json::rmse,NEEDS_COLAB_HEAVY_RUN,No raw prediction/PnL arrays or historical checkpoint,
A0013,paper1_experiments_summary.json::mape,reported_scalar,src/run_paper1_experiments.py,main,paper1_experiments_summary.json,ABSENT,,2026,CPU inferred from source; historical hardware/runtime unknown,,10.065419226884842,,paper1_experiments_summary.json::mape,NEEDS_COLAB_HEAVY_RUN,No raw prediction/PnL arrays or historical checkpoint,
A0014,paper1_experiments_summary.json::time_deeponet_ms,reported_scalar,src/run_paper1_experiments.py,main,paper1_experiments_summary.json,ABSENT,,2026,CPU inferred from source; historical hardware/runtime unknown,,0.002007007598876953,,paper1_experiments_summary.json::time_deeponet_ms,NEEDS_COLAB_HEAVY_RUN,No raw prediction/PnL arrays or historical checkpoint,
A0015,paper1_experiments_summary.json::time_fdm_ms,reported_scalar,src/run_paper1_experiments.py,main,paper1_experiments_summary.json,ABSENT,,2026,CPU inferred from source; historical hardware/runtime unknown,,4.474062919616699,,paper1_experiments_summary.json::time_fdm_ms,NEEDS_COLAB_HEAVY_RUN,No raw prediction/PnL arrays or historical checkpoint,
A0016,paper1_experiments_summary.json::speedup,reported_scalar,src/run_paper1_experiments.py,main,paper1_experiments_summary.json,ABSENT,,2026,CPU inferred from source; historical hardware/runtime unknown,,2229.2207175100975,,paper1_experiments_summary.json::speedup,NEEDS_COLAB_HEAVY_RUN,No raw prediction/PnL arrays or historical checkpoint,
A0017,paper1_experiments_summary.json::martingale_error,reported_scalar,src/run_paper1_experiments.py,main,paper1_experiments_summary.json,ABSENT,,2026,CPU inferred from source; historical hardware/runtime unknown,,0.5815360100696974,0.5815363831470899,paper1_experiments_summary.json::martingale_error,REPRODUCED,Untrained GRU paths reconstructed,
A0018,paper1_experiments_summary.json::mean_S_T,reported_scalar,src/run_paper1_experiments.py,main,paper1_experiments_summary.json,ABSENT,,2026,CPU inferred from source; historical hardware/runtime unknown,,44.891852388381956,44.8918150806427,paper1_experiments_summary.json::mean_S_T,REPRODUCED,Untrained GRU paths reconstructed,
A0019,paper1_experiments_summary.json::total_execution_time_sec,reported_scalar,src/run_paper1_experiments.py,main,paper1_experiments_summary.json,ABSENT,,2026,CPU inferred from source; historical hardware/runtime unknown,,14.102539539337158,,paper1_experiments_summary.json::total_execution_time_sec,NEEDS_COLAB_HEAVY_RUN,No raw prediction/PnL arrays or historical checkpoint,
A0020,hedging_results.json,result_json,src/hedging_engine.py,run_experiment_hedging_transaction_costs,,ABSENT,See source and report,2026,CPU inferred from source; historical hardware/runtime unknown,,,,hedging_results.json,NEEDS_COLAB_HEAVY_RUN,Aggregate output without raw arrays/checkpoint,
A0021,hedging_results.json::0bps.auto_std,reported_scalar,src/hedging_engine.py,run_experiment_hedging_transaction_costs,hedging_results.json,ABSENT,,2026,CPU inferred from source; historical hardware/runtime unknown,,2.3747366033842296,,hedging_results.json::0bps.auto_std,NEEDS_COLAB_HEAVY_RUN,No raw prediction/PnL arrays or historical checkpoint,
A0022,hedging_results.json::0bps.auto_mean,reported_scalar,src/hedging_engine.py,run_experiment_hedging_transaction_costs,hedging_results.json,ABSENT,,2026,CPU inferred from source; historical hardware/runtime unknown,,-0.3068226440555643,,hedging_results.json::0bps.auto_mean,NEEDS_COLAB_HEAVY_RUN,No raw prediction/PnL arrays or historical checkpoint,
A0023,hedging_results.json::0bps.auto_var95,reported_scalar,src/hedging_engine.py,run_experiment_hedging_transaction_costs,hedging_results.json,ABSENT,,2026,CPU inferred from source; historical hardware/runtime unknown,,-4.217394804769064,,hedging_results.json::0bps.auto_var95,NEEDS_COLAB_HEAVY_RUN,No raw prediction/PnL arrays or historical checkpoint,
A0024,hedging_results.json::0bps.auto_cvar95,reported_scalar,src/hedging_engine.py,run_experiment_hedging_transaction_costs,hedging_results.json,ABSENT,,2026,CPU inferred from source; historical hardware/runtime unknown,,-4.958117065682913,,hedging_results.json::0bps.auto_cvar95,NEEDS_COLAB_HEAVY_RUN,No raw prediction/PnL arrays or historical checkpoint,
A0025,hedging_results.json::0bps.fdm_std,reported_scalar,src/hedging_engine.py,run_experiment_hedging_transaction_costs,hedging_results.json,ABSENT,,2026,CPU inferred from source; historical hardware/runtime unknown,,2.6373009442543376,,hedging_results.json::0bps.fdm_std,NEEDS_COLAB_HEAVY_RUN,No raw prediction/PnL arrays or historical checkpoint,
A0026,hedging_results.json::0bps.fdm_mean,reported_scalar,src/hedging_engine.py,run_experiment_hedging_transaction_costs,hedging_results.json,ABSENT,,2026,CPU inferred from source; historical hardware/runtime unknown,,-0.21781216047535432,,hedging_results.json::0bps.fdm_mean,NEEDS_COLAB_HEAVY_RUN,No raw prediction/PnL arrays or historical checkpoint,
A0027,hedging_results.json::0bps.fdm_cvar95,reported_scalar,src/hedging_engine.py,run_experiment_hedging_transaction_costs,hedging_results.json,ABSENT,,2026,CPU inferred from source; historical hardware/runtime unknown,,-5.172936065517213,,hedging_results.json::0bps.fdm_cvar95,NEEDS_COLAB_HEAVY_RUN,No raw prediction/PnL arrays or historical checkpoint,
A0028,hedging_results.json::0bps.unhedged_std,reported_scalar,src/hedging_engine.py,run_experiment_hedging_transaction_costs,hedging_results.json,ABSENT,,2026,CPU inferred from source; historical hardware/runtime unknown,,4.19655780194306,4.196557801943061,hedging_results.json::0bps.unhedged_std,REPRODUCED,Original seed/path law reconstructed; constant initial premium does not affect std,
A0029,hedging_results.json::0bps.unhedged_cvar95,reported_scalar,src/hedging_engine.py,run_experiment_hedging_transaction_costs,hedging_results.json,ABSENT,,2026,CPU inferred from source; historical hardware/runtime unknown,,-10.82894985004174,,hedging_results.json::0bps.unhedged_cvar95,NEEDS_COLAB_HEAVY_RUN,No raw prediction/PnL arrays or historical checkpoint,
A0030,hedging_results.json::10bps.auto_std,reported_scalar,src/hedging_engine.py,run_experiment_hedging_transaction_costs,hedging_results.json,ABSENT,,2026,CPU inferred from source; historical hardware/runtime unknown,,2.4113460657094867,,hedging_results.json::10bps.auto_std,NEEDS_COLAB_HEAVY_RUN,No raw prediction/PnL arrays or historical checkpoint,
A0031,hedging_results.json::10bps.auto_mean,reported_scalar,src/hedging_engine.py,run_experiment_hedging_transaction_costs,hedging_results.json,ABSENT,,2026,CPU inferred from source; historical hardware/runtime unknown,,-0.47509995002723376,,hedging_results.json::10bps.auto_mean,NEEDS_COLAB_HEAVY_RUN,No raw prediction/PnL arrays or historical checkpoint,
A0032,hedging_results.json::10bps.auto_var95,reported_scalar,src/hedging_engine.py,run_experiment_hedging_transaction_costs,hedging_results.json,ABSENT,,2026,CPU inferred from source; historical hardware/runtime unknown,,-4.3455855619931025,,hedging_results.json::10bps.auto_var95,NEEDS_COLAB_HEAVY_RUN,No raw prediction/PnL arrays or historical checkpoint,
A0033,hedging_results.json::10bps.auto_cvar95,reported_scalar,src/hedging_engine.py,run_experiment_hedging_transaction_costs,hedging_results.json,ABSENT,,2026,CPU inferred from source; historical hardware/runtime unknown,,-5.1716299097326495,,hedging_results.json::10bps.auto_cvar95,NEEDS_COLAB_HEAVY_RUN,No raw prediction/PnL arrays or historical checkpoint,
A0034,hedging_results.json::10bps.fdm_std,reported_scalar,src/hedging_engine.py,run_experiment_hedging_transaction_costs,hedging_results.json,ABSENT,,2026,CPU inferred from source; historical hardware/runtime unknown,,2.7484351495611747,,hedging_results.json::10bps.fdm_std,NEEDS_COLAB_HEAVY_RUN,No raw prediction/PnL arrays or historical checkpoint,
A0035,hedging_results.json::10bps.fdm_mean,reported_scalar,src/hedging_engine.py,run_experiment_hedging_transaction_costs,hedging_results.json,ABSENT,,2026,CPU inferred from source; historical hardware/runtime unknown,,-0.5164841031143894,,hedging_results.json::10bps.fdm_mean,NEEDS_COLAB_HEAVY_RUN,No raw prediction/PnL arrays or historical checkpoint,
A0036,hedging_results.json::10bps.fdm_cvar95,reported_scalar,src/hedging_engine.py,run_experiment_hedging_transaction_costs,hedging_results.json,ABSENT,,2026,CPU inferred from source; historical hardware/runtime unknown,,-5.803697909043157,,hedging_results.json::10bps.fdm_cvar95,NEEDS_COLAB_HEAVY_RUN,No raw prediction/PnL arrays or historical checkpoint,
A0037,hedging_results.json::10bps.unhedged_std,reported_scalar,src/hedging_engine.py,run_experiment_hedging_transaction_costs,hedging_results.json,ABSENT,,2026,CPU inferred from source; historical hardware/runtime unknown,,4.19655780194306,4.196557801943061,hedging_results.json::10bps.unhedged_std,REPRODUCED,Original seed/path law reconstructed; constant initial premium does not affect std,
A0038,hedging_results.json::10bps.unhedged_cvar95,reported_scalar,src/hedging_engine.py,run_experiment_hedging_transaction_costs,hedging_results.json,ABSENT,,2026,CPU inferred from source; historical hardware/runtime unknown,,-10.82894985004174,,hedging_results.json::10bps.unhedged_cvar95,NEEDS_COLAB_HEAVY_RUN,No raw prediction/PnL arrays or historical checkpoint,
A0039,hedging_results.json::20bps.auto_std,reported_scalar,src/hedging_engine.py,run_experiment_hedging_transaction_costs,hedging_results.json,ABSENT,,2026,CPU inferred from source; historical hardware/runtime unknown,,2.4494131716834606,,hedging_results.json::20bps.auto_std,NEEDS_COLAB_HEAVY_RUN,No raw prediction/PnL arrays or historical checkpoint,
A0040,hedging_results.json::20bps.auto_mean,reported_scalar,src/hedging_engine.py,run_experiment_hedging_transaction_costs,hedging_results.json,ABSENT,,2026,CPU inferred from source; historical hardware/runtime unknown,,-0.6433772559988996,,hedging_results.json::20bps.auto_mean,NEEDS_COLAB_HEAVY_RUN,No raw prediction/PnL arrays or historical checkpoint,
A0041,hedging_results.json::20bps.auto_var95,reported_scalar,src/hedging_engine.py,run_experiment_hedging_transaction_costs,hedging_results.json,ABSENT,,2026,CPU inferred from source; historical hardware/runtime unknown,,-4.492686185395431,,hedging_results.json::20bps.auto_var95,NEEDS_COLAB_HEAVY_RUN,No raw prediction/PnL arrays or historical checkpoint,
A0042,hedging_results.json::20bps.auto_cvar95,reported_scalar,src/hedging_engine.py,run_experiment_hedging_transaction_costs,hedging_results.json,ABSENT,,2026,CPU inferred from source; historical hardware/runtime unknown,,-5.3851427537823815,,hedging_results.json::20bps.auto_cvar95,NEEDS_COLAB_HEAVY_RUN,No raw prediction/PnL arrays or historical checkpoint,
A0043,hedging_results.json::20bps.fdm_std,reported_scalar,src/hedging_engine.py,run_experiment_hedging_transaction_costs,hedging_results.json,ABSENT,,2026,CPU inferred from source; historical hardware/runtime unknown,,2.866096560208134,,hedging_results.json::20bps.fdm_std,NEEDS_COLAB_HEAVY_RUN,No raw prediction/PnL arrays or historical checkpoint,
A0044,hedging_results.json::20bps.fdm_mean,reported_scalar,src/hedging_engine.py,run_experiment_hedging_transaction_costs,hedging_results.json,ABSENT,,2026,CPU inferred from source; historical hardware/runtime unknown,,-0.815156045753423,,hedging_results.json::20bps.fdm_mean,NEEDS_COLAB_HEAVY_RUN,No raw prediction/PnL arrays or historical checkpoint,
A0045,hedging_results.json::20bps.fdm_cvar95,reported_scalar,src/hedging_engine.py,run_experiment_hedging_transaction_costs,hedging_results.json,ABSENT,,2026,CPU inferred from source; historical hardware/runtime unknown,,-6.43445975256912,,hedging_results.json::20bps.fdm_cvar95,NEEDS_COLAB_HEAVY_RUN,No raw prediction/PnL arrays or historical checkpoint,
A0046,hedging_results.json::20bps.unhedged_std,reported_scalar,src/hedging_engine.py,run_experiment_hedging_transaction_costs,hedging_results.json,ABSENT,,2026,CPU inferred from source; historical hardware/runtime unknown,,4.19655780194306,4.196557801943061,hedging_results.json::20bps.unhedged_std,REPRODUCED,Original seed/path law reconstructed; constant initial premium does not affect std,
A0047,hedging_results.json::20bps.unhedged_cvar95,reported_scalar,src/hedging_engine.py,run_experiment_hedging_transaction_costs,hedging_results.json,ABSENT,,2026,CPU inferred from source; historical hardware/runtime unknown,,-10.82894985004174,,hedging_results.json::20bps.unhedged_cvar95,NEEDS_COLAB_HEAVY_RUN,No raw prediction/PnL arrays or historical checkpoint,
A0048,ablation_results.json,result_json,src/ablation_study.py,run_experiment_ablation,,ABSENT,See source and report,2026,CPU inferred from source; historical hardware/runtime unknown,,,,ablation_results.json,NEEDS_COLAB_HEAVY_RUN,Aggregate output without raw arrays/checkpoint,
A0049,ablation_results.json::MartingaleONet (Proposed).RMSE,reported_scalar,src/ablation_study.py,run_experiment_ablation,ablation_results.json,ABSENT,,2026,CPU inferred from source; historical hardware/runtime unknown,,1.3287770748138428,,ablation_results.json::MartingaleONet (Proposed).RMSE,NEEDS_COLAB_HEAVY_RUN,No raw prediction/PnL arrays or historical checkpoint,
A0050,ablation_results.json::MartingaleONet (Proposed).MAPE,reported_scalar,src/ablation_study.py,run_experiment_ablation,ablation_results.json,ABSENT,,2026,CPU inferred from source; historical hardware/runtime unknown,,11.024346947669983,,ablation_results.json::MartingaleONet (Proposed).MAPE,NEEDS_COLAB_HEAVY_RUN,No raw prediction/PnL arrays or historical checkpoint,
A0051,ablation_results.json::MartingaleONet (Proposed).Gamma_TV,reported_scalar,src/ablation_study.py,run_experiment_ablation,ablation_results.json,ABSENT,,2026,CPU inferred from source; historical hardware/runtime unknown,,0.2063511610031128,,ablation_results.json::MartingaleONet (Proposed).Gamma_TV,NEEDS_COLAB_HEAVY_RUN,No raw prediction/PnL arrays or historical checkpoint,
A0052,ablation_results.json::Standard PINN.RMSE,reported_scalar,src/ablation_study.py,run_experiment_ablation,ablation_results.json,ABSENT,,2026,CPU inferred from source; historical hardware/runtime unknown,,13.240105628967285,,ablation_results.json::Standard PINN.RMSE,NEEDS_COLAB_HEAVY_RUN,No raw prediction/PnL arrays or historical checkpoint,
A0053,ablation_results.json::Standard PINN.MAPE,reported_scalar,src/ablation_study.py,run_experiment_ablation,ablation_results.json,ABSENT,,2026,CPU inferred from source; historical hardware/runtime unknown,,99.99991059303284,,ablation_results.json::Standard PINN.MAPE,NEEDS_COLAB_HEAVY_RUN,No raw prediction/PnL arrays or historical checkpoint,
A0054,ablation_results.json::Standard PINN.Gamma_TV,reported_scalar,src/ablation_study.py,run_experiment_ablation,ablation_results.json,ABSENT,,2026,CPU inferred from source; historical hardware/runtime unknown,,0.37143208980560305,0.37143208980560305,ablation_results.json::Standard PINN.Gamma_TV,MANUAL_VALUE_SUSPECTED,"Confirmed hard-coded multiple of proposed TV, not measured baseline Greek",
A0055,ablation_results.json::Pointwise MLP.RMSE,reported_scalar,src/ablation_study.py,run_experiment_ablation,ablation_results.json,ABSENT,,2026,CPU inferred from source; historical hardware/runtime unknown,,2.595062017440796,,ablation_results.json::Pointwise MLP.RMSE,NEEDS_COLAB_HEAVY_RUN,No raw prediction/PnL arrays or historical checkpoint,
A0056,ablation_results.json::Pointwise MLP.MAPE,reported_scalar,src/ablation_study.py,run_experiment_ablation,ablation_results.json,ABSENT,,2026,CPU inferred from source; historical hardware/runtime unknown,,22.99216091632843,,ablation_results.json::Pointwise MLP.MAPE,NEEDS_COLAB_HEAVY_RUN,No raw prediction/PnL arrays or historical checkpoint,
A0057,ablation_results.json::Pointwise MLP.Gamma_TV,reported_scalar,src/ablation_study.py,run_experiment_ablation,ablation_results.json,ABSENT,,2026,CPU inferred from source; historical hardware/runtime unknown,,0.660323715209961,0.660323715209961,ablation_results.json::Pointwise MLP.Gamma_TV,MANUAL_VALUE_SUSPECTED,"Confirmed hard-coded multiple of proposed TV, not measured baseline Greek",
A0058,ablation_results.json::FDM / Fourier Ground Truth.RMSE,reported_scalar,src/ablation_study.py,run_experiment_ablation,ablation_results.json,ABSENT,,2026,CPU inferred from source; historical hardware/runtime unknown,,0.0,,ablation_results.json::FDM / Fourier Ground Truth.RMSE,MANUAL_VALUE_SUSPECTED,Literal 0.0 ground-truth self-error; not independent validation,
A0059,ablation_results.json::FDM / Fourier Ground Truth.MAPE,reported_scalar,src/ablation_study.py,run_experiment_ablation,ablation_results.json,ABSENT,,2026,CPU inferred from source; historical hardware/runtime unknown,,0.0,,ablation_results.json::FDM / Fourier Ground Truth.MAPE,MANUAL_VALUE_SUSPECTED,Literal 0.0 ground-truth self-error; not independent validation,
A0060,ablation_results.json::FDM / Fourier Ground Truth.Gamma_TV,reported_scalar,src/ablation_study.py,run_experiment_ablation,ablation_results.json,ABSENT,,2026,CPU inferred from source; historical hardware/runtime unknown,,2.4580319221875016,,ablation_results.json::FDM / Fourier Ground Truth.Gamma_TV,NEEDS_COLAB_HEAVY_RUN,No raw prediction/PnL arrays or historical checkpoint,
A0061,multi_asset_results.json,result_json,src/multi_asset_extension.py,run_experiment_multi_asset,,ABSENT,See source and report,2026,CPU inferred from source; historical hardware/runtime unknown,,,,multi_asset_results.json,NEEDS_COLAB_HEAVY_RUN,Aggregate output without raw arrays/checkpoint,
A0062,multi_asset_results.json::multi_asset_rmse,reported_scalar,src/multi_asset_extension.py,run_experiment_multi_asset,multi_asset_results.json,ABSENT,,2026,CPU inferred from source; historical hardware/runtime unknown,,0.8440197706222534,,multi_asset_results.json::multi_asset_rmse,NEEDS_COLAB_HEAVY_RUN,No raw prediction/PnL arrays or historical checkpoint,
A0063,multi_asset_results.json::multi_asset_mape,reported_scalar,src/multi_asset_extension.py,run_experiment_multi_asset,multi_asset_results.json,ABSENT,,2026,CPU inferred from source; historical hardware/runtime unknown,,11.39460876584053,,multi_asset_results.json::multi_asset_mape,NEEDS_COLAB_HEAVY_RUN,No raw prediction/PnL arrays or historical checkpoint,
A0064,stress_test_results.json,result_json,src/stress_test_leverage.py,run_experiment_stress_test,,ABSENT,See source and report,2026,CPU inferred from source; historical hardware/runtime unknown,,,"{""Standard Market"": {""corrected_martingale_error"": 0.0002719427192296231, ""max_error"": 0.0008165724303126343, ""raw_martingale_error"": 0.00033308596531257396, ""terminal_mean"": 100.2268820837862}, ""COVID-19 Crash (OOD)"": {""corrected_martingale_error"": 0.0008890013372771547, ""max_error"": 0.0023990448888561167, ""raw_martingale_error"": 0.0013446084392706669, ""terminal_mean"": 98.63603647834628}, ""3x Leveraged ETF (TQQQ)"": {""corrected_martingale_error"": 0.0014492753404500402, ""max_error"": 0.004662630595298145, ""raw_martingale_error"": 0.0017195939896975172, ""terminal_mean"": 97.91830869132181}}",stress_test_results.json,REPRODUCED,Numerical stress moments replayed; not a conditional guarantee,
A0065,stress_test_results.json::Standard Market.corrected_martingale_error,reported_scalar,src/stress_test_leverage.py,run_experiment_stress_test,stress_test_results.json,ABSENT,,2026,CPU inferred from source; historical hardware/runtime unknown,,0.0002719428007732764,0.0002719427192296231,stress_test_results.json::Standard Market.corrected_martingale_error,REPRODUCED,"LOCAL-LIGHT matching numerical metric, limited unconditional interpretation",
A0066,stress_test_results.json::Standard Market.raw_martingale_error,reported_scalar,src/stress_test_leverage.py,run_experiment_stress_test,stress_test_results.json,ABSENT,,2026,CPU inferred from source; historical hardware/runtime unknown,,0.0003330859653125554,0.00033308596531257396,stress_test_results.json::Standard Market.raw_martingale_error,REPRODUCED,"LOCAL-LIGHT matching numerical metric, limited unconditional interpretation",
A0067,stress_test_results.json::Standard Market.max_error,reported_scalar,src/stress_test_leverage.py,run_experiment_stress_test,stress_test_results.json,ABSENT,,2026,CPU inferred from source; historical hardware/runtime unknown,,0.0008165723043780382,0.0008165724303126343,stress_test_results.json::Standard Market.max_error,REPRODUCED,"LOCAL-LIGHT matching numerical metric, limited unconditional interpretation",
A0068,stress_test_results.json::COVID-19 Crash (OOD).corrected_martingale_error,reported_scalar,src/stress_test_leverage.py,run_experiment_stress_test,stress_test_results.json,ABSENT,,2026,CPU inferred from source; historical hardware/runtime unknown,,0.000889001189060649,0.0008890013372771547,stress_test_results.json::COVID-19 Crash (OOD).corrected_martingale_error,REPRODUCED,"LOCAL-LIGHT matching numerical metric, limited unconditional interpretation",
A0069,stress_test_results.json::COVID-19 Crash (OOD).raw_martingale_error,reported_scalar,src/stress_test_leverage.py,run_experiment_stress_test,stress_test_results.json,ABSENT,,2026,CPU inferred from source; historical hardware/runtime unknown,,0.0013446084392706669,0.0013446084392706669,stress_test_results.json::COVID-19 Crash (OOD).raw_martingale_error,REPRODUCED,"LOCAL-LIGHT matching numerical metric, limited unconditional interpretation",
A0070,stress_test_results.json::COVID-19 Crash (OOD).max_error,reported_scalar,src/stress_test_leverage.py,run_experiment_stress_test,stress_test_results.json,ABSENT,,2026,CPU inferred from source; historical hardware/runtime unknown,,0.0023990445475020605,0.0023990448888561167,stress_test_results.json::COVID-19 Crash (OOD).max_error,REPRODUCED,"LOCAL-LIGHT matching numerical metric, limited unconditional interpretation",
A0071,stress_test_results.json::3x Leveraged ETF (TQQQ).corrected_martingale_error,reported_scalar,src/stress_test_leverage.py,run_experiment_stress_test,stress_test_results.json,ABSENT,,2026,CPU inferred from source; historical hardware/runtime unknown,,0.001449275161246207,0.0014492753404500402,stress_test_results.json::3x Leveraged ETF (TQQQ).corrected_martingale_error,REPRODUCED,"LOCAL-LIGHT matching numerical metric, limited unconditional interpretation",
A0072,stress_test_results.json::3x Leveraged ETF (TQQQ).raw_martingale_error,reported_scalar,src/stress_test_leverage.py,run_experiment_stress_test,stress_test_results.json,ABSENT,,2026,CPU inferred from source; historical hardware/runtime unknown,,0.001719593989697521,0.0017195939896975172,stress_test_results.json::3x Leveraged ETF (TQQQ).raw_martingale_error,REPRODUCED,"LOCAL-LIGHT matching numerical metric, limited unconditional interpretation",
A0073,stress_test_results.json::3x Leveraged ETF (TQQQ).max_error,reported_scalar,src/stress_test_leverage.py,run_experiment_stress_test,stress_test_results.json,ABSENT,,2026,CPU inferred from source; historical hardware/runtime unknown,,0.0046626311821007516,0.004662630595298145,stress_test_results.json::3x Leveraged ETF (TQQQ).max_error,REPRODUCED,"LOCAL-LIGHT matching numerical metric, limited unconditional interpretation",
A0074,src/us_market_spy_qqq_vix_2015_2025.csv,dataset,src/us_market_data.py,fetch_or_generate_us_market_dataset,,,Synthetic business-day prices 2015-01-02 to2024-12-31,2026,CPU inferred from source; historical hardware/runtime unknown,,,"{""rows"": 2608, ""start"": ""2015-01-02"", ""end"": ""2024-12-31"", ""columns"": [""Date"", ""SPY"", ""QQQ"", ""VIX""], ""date_match"": true, ""max_absolute_difference"": {""SPY"": 9.094947017729282e-13, ""QQQ"": 1.3642420526593924e-12, ""VIX"": 1.4210854715202004e-14}, ""synthetic_formula_matches"": true}",src/us_market_spy_qqq_vix_2015_2025.csv,REPRODUCED,Matches synthetic generation; genuine-market claim inconsistent,
A0075,README hedging variance reduction,claim,,,README.md or user-provided audit request,,,,,,59.5%,,README hedging variance reduction,INCONSISTENT,No source calculation matches stored JSON,
A0076,README inference speedup,claim,,,README.md or user-provided audit request,,,,,,15225x /0.1us,,README inference speedup,INCONSISTENT,JSON speedup2229.22x and2.007us; benchmark unequal batching,
A0077,README FNO,claim,,,README.md or user-provided audit request,,,,,,RMSE1.8920;MAPE15.40%;TV.4120,,README FNO,SOURCE_NOT_FOUND,No FNO implementation/result/checkpoint,
A0078,Table3 user-reported values,claim,,,README.md or user-provided audit request,,,,,,unhedged1.842;FDM.37-.45;auto.16-.18,,Table3 user-reported values,SOURCE_NOT_FOUND,Manuscript and table data absent in repository,
A0079,Table7 component ablations,claim,,,README.md or user-provided audit request,,,,,,Greek/martingale/downstream variants,,Table7 component ablations,SOURCE_NOT_FOUND,No component-ablation code/data in repository,
A0080,README benchmark proposed row,claim,,,README.md or user-provided audit request,,,,,,RMSE1.1794;MAPE10.07;TV.2064,,README benchmark proposed row,INCONSISTENT,Mixes master500-sample pricing and independently trained400-sample ablation TV,
