S,K,T,original_price,independent_probability_price,difference,original_gamma
80,100,0.01,8.445546966850884,-4.068017157729013e-05,8.445587647022462,-0.008185747076197458
80,100,0.1,8.445827114919581,3.4975744232063587e-06,8.445823617345157,-0.008378255900879594
80,100,0.5,8.549564940058772,0.11598507382254208,8.43357986623623,0.002811601150142451
80,100,1.0,9.207716709405204,0.8518211184435245,8.35589559096168,0.01366682088678317
80,100,2.0,11.399186401063787,3.301958711706856,8.09722768935693,0.013875875093901868
90,100,0.01,4.619655599125011,-6.394235353331438e-05,4.619719541478544,-0.010104935771153123
90,100,0.1,4.676553618876596,0.061191606650881525,4.615362012225715,0.01072868426012974
90,100,0.5,6.12915495091076,1.5923667784802298,4.53678817243053,0.02847291699623611
90,100,1.0,8.194367821213959,3.7692922817528327,4.425075539461126,0.021639949583459384
90,100,2.0,11.94300572446241,7.720703570985215,4.2223021534771945,0.014273833068557451
100,100,0.01,0.8189267358814618,0.8122964887805466,0.006630247100915199,0.18743324502753467
100,100,0.1,2.6561633822957162,2.6561637405557903,-3.582600740514863e-07,0.060578073707461044
100,100,0.5,6.264680929246225,6.2646809226682905,6.577934641427419e-09,0.025827888240257835
100,100,1.0,9.242521073958258,9.242521061493818,1.2464440146686684e-08,0.017626281130333155
100,100,2.0,13.890648179695745,13.890648154800395,2.489534978167285e-08,0.01173017024842693
110,100,0.01,10.02999550044997,10.030019380698505,-2.3880248534169368e-05,0.0
110,100,0.1,10.299550449662703,10.565604696259683,-0.26605424659697974,0.0
110,100,0.5,11.488806039693742,13.63271037749449,-2.1439043378007483,0.0
110,100,1.0,12.95544664514918,16.601187457030335,-3.6457408118811543,0.0
110,100,2.0,17.009378903236353,21.336921600738876,-4.327542697502523,0.008863074889916334
120,100,0.01,20.02999550044997,20.029910853104084,8.464734588642386e-05,0.0
120,100,0.1,20.299550449662703,20.3193462011656,-0.019795751502897474,0.0
120,100,0.5,21.488806039693742,22.445968559683905,-0.9571625199901632,0.0
120,100,1.0,22.95544664514918,25.099589343740632,-2.144142698591452,0.0
120,100,2.0,25.823546641575135,29.643317999507588,-3.819771357932453,0.0
