source,index,domain,primary_diagnosis,evidence,gamma_status,input,secondary_flags
historical,0,CORE,QUADRATURE_NOT_CONVERGED,stored adaptive-quadrature success=False; requested accuracy not achieved (including reported roundoff),UNRESOLVED,"{""x"": -0.2231435513142097, ""v"": 0.04, ""tau"": 0.01, ""K"": 1, ""kappa"": 2.0, ""theta"": 0.04, ""sigma"": 0.3, ""rho"": -0.7, ""r"": 0.03}","[""solver_error"", ""FD_uncertainty_budget_unresolved""]"
historical,1,CORE,QUADRATURE_NOT_CONVERGED,stored adaptive-quadrature success=False; requested accuracy not achieved (including reported roundoff),UNRESOLVED,"{""x"": -0.2231435513142097, ""v"": 0.04, ""tau"": 0.5, ""K"": 1, ""kappa"": 2.0, ""theta"": 0.04, ""sigma"": 0.3, ""rho"": -0.7, ""r"": 0.03}","[""solver_error""]"
historical,3,CORE,QUADRATURE_NOT_CONVERGED,stored adaptive-quadrature success=False; requested accuracy not achieved (including reported roundoff),UNRESOLVED,"{""x"": -0.10536051565782628, ""v"": 0.04, ""tau"": 0.01, ""K"": 1, ""kappa"": 2.0, ""theta"": 0.04, ""sigma"": 0.3, ""rho"": -0.7, ""r"": 0.03}","[""solver_error"", ""FD_uncertainty_budget_unresolved""]"
historical,4,CORE,QUADRATURE_NOT_CONVERGED,stored adaptive-quadrature success=False; requested accuracy not achieved (including reported roundoff),UNRESOLVED,"{""x"": -0.10536051565782628, ""v"": 0.04, ""tau"": 0.5, ""K"": 1, ""kappa"": 2.0, ""theta"": 0.04, ""sigma"": 0.3, ""rho"": -0.7, ""r"": 0.03}","[""solver_error""]"
historical,7,CORE,QUADRATURE_NOT_CONVERGED,stored adaptive-quadrature success=False; requested accuracy not achieved (including reported roundoff),UNRESOLVED,"{""x"": 0.0, ""v"": 0.04, ""tau"": 0.5, ""K"": 1, ""kappa"": 2.0, ""theta"": 0.04, ""sigma"": 0.3, ""rho"": -0.7, ""r"": 0.03}","[""solver_error""]"
historical,8,CORE,QUADRATURE_NOT_CONVERGED,stored adaptive-quadrature success=False; requested accuracy not achieved (including reported roundoff),UNRESOLVED,"{""x"": 0.0, ""v"": 0.04, ""tau"": 2, ""K"": 1, ""kappa"": 2.0, ""theta"": 0.04, ""sigma"": 0.3, ""rho"": -0.7, ""r"": 0.03}","[""solver_error""]"
historical,9,CORE,QUADRATURE_NOT_CONVERGED,stored adaptive-quadrature success=False; requested accuracy not achieved (including reported roundoff),UNRESOLVED,"{""x"": 0.09531017980432493, ""v"": 0.04, ""tau"": 0.01, ""K"": 1, ""kappa"": 2.0, ""theta"": 0.04, ""sigma"": 0.3, ""rho"": -0.7, ""r"": 0.03}","[""solver_error""]"
historical,10,CORE,QUADRATURE_NOT_CONVERGED,stored adaptive-quadrature success=False; requested accuracy not achieved (including reported roundoff),UNRESOLVED,"{""x"": 0.09531017980432493, ""v"": 0.04, ""tau"": 0.5, ""K"": 1, ""kappa"": 2.0, ""theta"": 0.04, ""sigma"": 0.3, ""rho"": -0.7, ""r"": 0.03}","[""solver_error""]"
historical,11,CORE,QUADRATURE_NOT_CONVERGED,stored adaptive-quadrature success=False; requested accuracy not achieved (including reported roundoff),UNRESOLVED,"{""x"": 0.09531017980432493, ""v"": 0.04, ""tau"": 2, ""K"": 1, ""kappa"": 2.0, ""theta"": 0.04, ""sigma"": 0.3, ""rho"": -0.7, ""r"": 0.03}","[""solver_error""]"
historical,12,CORE,QUADRATURE_NOT_CONVERGED,stored adaptive-quadrature success=False; requested accuracy not achieved (including reported roundoff),UNRESOLVED,"{""x"": 0.1823215567939546, ""v"": 0.04, ""tau"": 0.01, ""K"": 1, ""kappa"": 2.0, ""theta"": 0.04, ""sigma"": 0.3, ""rho"": -0.7, ""r"": 0.03}","[""solver_error""]"
historical,13,CORE,QUADRATURE_NOT_CONVERGED,stored adaptive-quadrature success=False; requested accuracy not achieved (including reported roundoff),UNRESOLVED,"{""x"": 0.1823215567939546, ""v"": 0.04, ""tau"": 0.5, ""K"": 1, ""kappa"": 2.0, ""theta"": 0.04, ""sigma"": 0.3, ""rho"": -0.7, ""r"": 0.03}","[""solver_error""]"
historical,14,CORE,QUADRATURE_NOT_CONVERGED,stored adaptive-quadrature success=False; requested accuracy not achieved (including reported roundoff),UNRESOLVED,"{""x"": 0.1823215567939546, ""v"": 0.04, ""tau"": 2, ""K"": 1, ""kappa"": 2.0, ""theta"": 0.04, ""sigma"": 0.3, ""rho"": -0.7, ""r"": 0.03}","[""solver_error""]"
historical,15,CORE,QUADRATURE_NOT_CONVERGED,stored adaptive-quadrature success=False; requested accuracy not achieved (including reported roundoff),UNRESOLVED,"{""x"": 0, ""v"": 0.04, ""tau"": 1, ""K"": 1, ""kappa"": 1, ""theta"": 0.04, ""sigma"": 0.282842712474619, ""rho"": -0.7, ""r"": 0.03}","[""solver_error""]"
historical,16,CORE,QUADRATURE_NOT_CONVERGED,stored adaptive-quadrature success=False; requested accuracy not achieved (including reported roundoff),UNRESOLVED,"{""x"": 0, ""v"": 0.04, ""tau"": 1, ""K"": 1, ""kappa"": 1, ""theta"": 0.04, ""sigma"": 0.27, ""rho"": -0.7, ""r"": 0.03}","[""solver_error""]"
historical,17,CORE,QUADRATURE_NOT_CONVERGED,stored adaptive-quadrature success=False; requested accuracy not achieved (including reported roundoff),UNRESOLVED,"{""x"": 0, ""v"": 0.04, ""tau"": 1, ""K"": 1, ""kappa"": 1, ""theta"": 0.04, ""sigma"": 0.3, ""rho"": -0.7, ""r"": 0.03}","[""solver_error""]"
historical,18,CHALLENGE,QUADRATURE_NOT_CONVERGED,measured last-two cutoff changes exceed budget/4,UNRESOLVED,"{""x"": 0, ""v"": 0, ""tau"": 0.001, ""K"": 1, ""kappa"": 0.5, ""theta"": 0.04, ""sigma"": 1.2, ""rho"": -0.99, ""r"": 0.03}","[""A_domain"", ""B_N"", ""B_interval"", ""cross_route_unknown"", ""A_financial_sanity"", ""B_financial_sanity"", ""FD_derivative_amplification_or_truncation"", ""FD_uncertainty_budget_unresolved"", ""strike_FD_derivative_unresolved""]"
historical,19,CHALLENGE,QUADRATURE_NOT_CONVERGED,measured last-two cutoff changes exceed budget/4,UNRESOLVED,"{""x"": -1.2, ""v"": 0.005, ""tau"": 5, ""K"": 1, ""kappa"": 0.5, ""theta"": 0.04, ""sigma"": 1.2, ""rho"": -0.99, ""r"": 0.03}","[""A_domain"", ""B_N"", ""B_interval"", ""cross_route_unknown"", ""solver_error"", ""B_financial_sanity"", ""FD_uncertainty_budget_unresolved"", ""strike_FD_derivative_unresolved""]"
historical,20,CHALLENGE,QUADRATURE_NOT_CONVERGED,stored adaptive-quadrature success=False; requested accuracy not achieved (including reported roundoff),UNRESOLVED,"{""x"": 1.2, ""v"": 0.25, ""tau"": 0.001, ""K"": 1, ""kappa"": 0.5, ""theta"": 0.04, ""sigma"": 1.2, ""rho"": -0.99, ""r"": 0.03}","[""solver_error""]"
historical,21,COLLAR,QUADRATURE_NOT_CONVERGED,stored adaptive-quadrature success=False; requested accuracy not achieved (including reported roundoff),UNRESOLVED,"{""x"": 0, ""v"": 0.25, ""tau"": 2, ""K"": 1, ""kappa"": 4, ""theta"": 0.12, ""sigma"": 0.8, ""rho"": -0.1, ""r"": 0}","[""solver_error""]"
historical,22,CHALLENGE,FD_TRUNCATION,legacy last-two FD changes exceed budget; independently refined MP prices/Greeks and smaller physical-step windows meet unchanged budgets,NUMERICALLY_RESOLVED,"{""x"": 0, ""v"": 0, ""tau"": 0.001, ""K"": 1, ""kappa"": 2.0, ""theta"": 0.04, ""sigma"": 0.3, ""rho"": -0.7, ""r"": 0.03}","[""A_domain"", ""cross_route_unknown"", ""FD_derivative_amplification_or_truncation"", ""FD_uncertainty_budget_unresolved"", ""strike_FD_derivative_unresolved""]"
historical,23,CHALLENGE,QUADRATURE_NOT_CONVERGED,measured last-two cutoff changes exceed budget/4,UNRESOLVED,"{""x"": -1.2, ""v"": 0.01, ""tau"": 0.001, ""K"": 1, ""kappa"": 2.0, ""theta"": 0.04, ""sigma"": 0.3, ""rho"": -0.7, ""r"": 0.03}","[""A_domain"", ""solver_error"", ""FD_uncertainty_budget_unresolved""]"
historical,24,CHALLENGE,QUADRATURE_NOT_CONVERGED,stored adaptive-quadrature success=False; requested accuracy not achieved (including reported roundoff),UNRESOLVED,"{""x"": 1.2, ""v"": 0.25, ""tau"": 5, ""K"": 1, ""kappa"": 2.0, ""theta"": 0.04, ""sigma"": 0.3, ""rho"": -0.7, ""r"": 0.03}","[""solver_error""]"
v2_grid,0,CORE,QUADRATURE_NOT_CONVERGED,measured last-two cutoff changes exceed budget/4,UNRESOLVED,"{""x"": -0.7, ""v"": 0.01, ""tau"": 0.003968253968253968, ""K"": 1, ""kappa"": 2.0, ""theta"": 0.04, ""sigma"": 0.3, ""rho"": -0.7, ""r"": 0.03}","[""A_domain"", ""solver_error"", ""FD_uncertainty_budget_unresolved""]"
v2_grid,1,CORE,QUADRATURE_NOT_CONVERGED,measured last-two cutoff changes exceed budget/4,UNRESOLVED,"{""x"": -0.7, ""v"": 0.01, ""tau"": 0.01, ""K"": 1, ""kappa"": 2.0, ""theta"": 0.04, ""sigma"": 0.3, ""rho"": -0.7, ""r"": 0.03}","[""A_domain"", ""solver_error"", ""FD_uncertainty_budget_unresolved""]"
v2_grid,2,CORE,QUADRATURE_NOT_CONVERGED,stored adaptive-quadrature success=False; requested accuracy not achieved (including reported roundoff),UNRESOLVED,"{""x"": -0.7, ""v"": 0.01, ""tau"": 0.1, ""K"": 1, ""kappa"": 2.0, ""theta"": 0.04, ""sigma"": 0.3, ""rho"": -0.7, ""r"": 0.03}","[""solver_error"", ""FD_uncertainty_budget_unresolved""]"
v2_grid,3,CORE,QUADRATURE_NOT_CONVERGED,stored adaptive-quadrature success=False; requested accuracy not achieved (including reported roundoff),UNRESOLVED,"{""x"": -0.7, ""v"": 0.01, ""tau"": 0.5, ""K"": 1, ""kappa"": 2.0, ""theta"": 0.04, ""sigma"": 0.3, ""rho"": -0.7, ""r"": 0.03}","[""solver_error"", ""FD_uncertainty_budget_unresolved""]"
v2_grid,4,CORE,QUADRATURE_NOT_CONVERGED,stored adaptive-quadrature success=False; requested accuracy not achieved (including reported roundoff),UNRESOLVED,"{""x"": -0.7, ""v"": 0.01, ""tau"": 1, ""K"": 1, ""kappa"": 2.0, ""theta"": 0.04, ""sigma"": 0.3, ""rho"": -0.7, ""r"": 0.03}","[""solver_error"", ""FD_uncertainty_budget_unresolved""]"
v2_grid,5,CORE,QUADRATURE_NOT_CONVERGED,stored adaptive-quadrature success=False; requested accuracy not achieved (including reported roundoff),UNRESOLVED,"{""x"": -0.7, ""v"": 0.01, ""tau"": 2, ""K"": 1, ""kappa"": 2.0, ""theta"": 0.04, ""sigma"": 0.3, ""rho"": -0.7, ""r"": 0.03}","[""solver_error"", ""FD_uncertainty_budget_unresolved""]"
v2_grid,6,CORE,QUADRATURE_NOT_CONVERGED,stored adaptive-quadrature success=False; requested accuracy not achieved (including reported roundoff),UNRESOLVED,"{""x"": -0.7, ""v"": 0.04, ""tau"": 0.003968253968253968, ""K"": 1, ""kappa"": 2.0, ""theta"": 0.04, ""sigma"": 0.3, ""rho"": -0.7, ""r"": 0.03}","[""solver_error"", ""FD_uncertainty_budget_unresolved""]"
v2_grid,7,CORE,QUADRATURE_NOT_CONVERGED,stored adaptive-quadrature success=False; requested accuracy not achieved (including reported roundoff),UNRESOLVED,"{""x"": -0.7, ""v"": 0.04, ""tau"": 0.01, ""K"": 1, ""kappa"": 2.0, ""theta"": 0.04, ""sigma"": 0.3, ""rho"": -0.7, ""r"": 0.03}","[""solver_error"", ""FD_uncertainty_budget_unresolved""]"
v2_grid,8,CORE,QUADRATURE_NOT_CONVERGED,stored adaptive-quadrature success=False; requested accuracy not achieved (including reported roundoff),UNRESOLVED,"{""x"": -0.7, ""v"": 0.04, ""tau"": 0.1, ""K"": 1, ""kappa"": 2.0, ""theta"": 0.04, ""sigma"": 0.3, ""rho"": -0.7, ""r"": 0.03}","[""solver_error"", ""FD_uncertainty_budget_unresolved""]"
v2_grid,9,CORE,QUADRATURE_NOT_CONVERGED,stored adaptive-quadrature success=False; requested accuracy not achieved (including reported roundoff),UNRESOLVED,"{""x"": -0.7, ""v"": 0.04, ""tau"": 0.5, ""K"": 1, ""kappa"": 2.0, ""theta"": 0.04, ""sigma"": 0.3, ""rho"": -0.7, ""r"": 0.03}","[""solver_error"", ""FD_uncertainty_budget_unresolved""]"
v2_grid,10,CORE,QUADRATURE_NOT_CONVERGED,stored adaptive-quadrature success=False; requested accuracy not achieved (including reported roundoff),UNRESOLVED,"{""x"": -0.7, ""v"": 0.04, ""tau"": 1, ""K"": 1, ""kappa"": 2.0, ""theta"": 0.04, ""sigma"": 0.3, ""rho"": -0.7, ""r"": 0.03}","[""solver_error"", ""FD_uncertainty_budget_unresolved""]"
v2_grid,11,CORE,QUADRATURE_NOT_CONVERGED,stored adaptive-quadrature success=False; requested accuracy not achieved (including reported roundoff),UNRESOLVED,"{""x"": -0.7, ""v"": 0.04, ""tau"": 2, ""K"": 1, ""kappa"": 2.0, ""theta"": 0.04, ""sigma"": 0.3, ""rho"": -0.7, ""r"": 0.03}","[""solver_error"", ""FD_uncertainty_budget_unresolved""]"
v2_grid,12,CORE,QUADRATURE_NOT_CONVERGED,measured last-two cutoff changes exceed budget/4,UNRESOLVED,"{""x"": -0.1, ""v"": 0.01, ""tau"": 0.003968253968253968, ""K"": 1, ""kappa"": 2.0, ""theta"": 0.04, ""sigma"": 0.3, ""rho"": -0.7, ""r"": 0.03}","[""A_domain"", ""solver_error"", ""FD_uncertainty_budget_unresolved""]"
v2_grid,13,CORE,QUADRATURE_NOT_CONVERGED,measured last-two cutoff changes exceed budget/4,UNRESOLVED,"{""x"": -0.1, ""v"": 0.01, ""tau"": 0.01, ""K"": 1, ""kappa"": 2.0, ""theta"": 0.04, ""sigma"": 0.3, ""rho"": -0.7, ""r"": 0.03}","[""A_domain"", ""solver_error"", ""FD_uncertainty_budget_unresolved""]"
v2_grid,14,CORE,QUADRATURE_NOT_CONVERGED,stored adaptive-quadrature success=False; requested accuracy not achieved (including reported roundoff),UNRESOLVED,"{""x"": -0.1, ""v"": 0.01, ""tau"": 0.1, ""K"": 1, ""kappa"": 2.0, ""theta"": 0.04, ""sigma"": 0.3, ""rho"": -0.7, ""r"": 0.03}","[""solver_error"", ""FD_uncertainty_budget_unresolved""]"
v2_grid,18,CORE,QUADRATURE_NOT_CONVERGED,stored adaptive-quadrature success=False; requested accuracy not achieved (including reported roundoff),UNRESOLVED,"{""x"": -0.1, ""v"": 0.04, ""tau"": 0.003968253968253968, ""K"": 1, ""kappa"": 2.0, ""theta"": 0.04, ""sigma"": 0.3, ""rho"": -0.7, ""r"": 0.03}","[""solver_error"", ""FD_uncertainty_budget_unresolved""]"
v2_grid,19,CORE,QUADRATURE_NOT_CONVERGED,stored adaptive-quadrature success=False; requested accuracy not achieved (including reported roundoff),UNRESOLVED,"{""x"": -0.1, ""v"": 0.04, ""tau"": 0.01, ""K"": 1, ""kappa"": 2.0, ""theta"": 0.04, ""sigma"": 0.3, ""rho"": -0.7, ""r"": 0.03}","[""solver_error"", ""FD_uncertainty_budget_unresolved""]"
v2_grid,20,CORE,QUADRATURE_NOT_CONVERGED,stored adaptive-quadrature success=False; requested accuracy not achieved (including reported roundoff),UNRESOLVED,"{""x"": -0.1, ""v"": 0.04, ""tau"": 0.1, ""K"": 1, ""kappa"": 2.0, ""theta"": 0.04, ""sigma"": 0.3, ""rho"": -0.7, ""r"": 0.03}","[""solver_error""]"
v2_grid,21,CORE,QUADRATURE_NOT_CONVERGED,stored adaptive-quadrature success=False; requested accuracy not achieved (including reported roundoff),UNRESOLVED,"{""x"": -0.1, ""v"": 0.04, ""tau"": 0.5, ""K"": 1, ""kappa"": 2.0, ""theta"": 0.04, ""sigma"": 0.3, ""rho"": -0.7, ""r"": 0.03}","[""solver_error""]"
v2_grid,22,CORE,QUADRATURE_NOT_CONVERGED,stored adaptive-quadrature success=False; requested accuracy not achieved (including reported roundoff),UNRESOLVED,"{""x"": -0.1, ""v"": 0.04, ""tau"": 1, ""K"": 1, ""kappa"": 2.0, ""theta"": 0.04, ""sigma"": 0.3, ""rho"": -0.7, ""r"": 0.03}","[""solver_error""]"
v2_grid,24,CORE,FD_TRUNCATION,legacy last-two FD changes exceed budget; independently refined MP prices/Greeks and smaller physical-step windows meet unchanged budgets,NUMERICALLY_RESOLVED,"{""x"": 0, ""v"": 0.01, ""tau"": 0.003968253968253968, ""K"": 1, ""kappa"": 2.0, ""theta"": 0.04, ""sigma"": 0.3, ""rho"": -0.7, ""r"": 0.03}","[""A_domain"", ""FD_derivative_amplification_or_truncation"", ""strike_FD_derivative_unresolved""]"
v2_grid,25,CORE,FD_TRUNCATION,legacy last-two FD changes exceed budget; independently refined MP prices/Greeks and smaller physical-step windows meet unchanged budgets,NUMERICALLY_RESOLVED,"{""x"": 0, ""v"": 0.01, ""tau"": 0.01, ""K"": 1, ""kappa"": 2.0, ""theta"": 0.04, ""sigma"": 0.3, ""rho"": -0.7, ""r"": 0.03}","[""A_domain"", ""FD_derivative_amplification_or_truncation""]"
v2_grid,27,CORE,QUADRATURE_NOT_CONVERGED,stored adaptive-quadrature success=False; requested accuracy not achieved (including reported roundoff),UNRESOLVED,"{""x"": 0, ""v"": 0.01, ""tau"": 0.5, ""K"": 1, ""kappa"": 2.0, ""theta"": 0.04, ""sigma"": 0.3, ""rho"": -0.7, ""r"": 0.03}","[""solver_error""]"
v2_grid,28,CORE,QUADRATURE_NOT_CONVERGED,stored adaptive-quadrature success=False; requested accuracy not achieved (including reported roundoff),UNRESOLVED,"{""x"": 0, ""v"": 0.01, ""tau"": 1, ""K"": 1, ""kappa"": 2.0, ""theta"": 0.04, ""sigma"": 0.3, ""rho"": -0.7, ""r"": 0.03}","[""solver_error""]"
v2_grid,29,CORE,QUADRATURE_NOT_CONVERGED,stored adaptive-quadrature success=False; requested accuracy not achieved (including reported roundoff),UNRESOLVED,"{""x"": 0, ""v"": 0.01, ""tau"": 2, ""K"": 1, ""kappa"": 2.0, ""theta"": 0.04, ""sigma"": 0.3, ""rho"": -0.7, ""r"": 0.03}","[""solver_error""]"
v2_grid,30,CORE,FD_TRUNCATION,legacy last-two FD changes exceed budget; independently refined MP prices/Greeks and smaller physical-step windows meet unchanged budgets,NUMERICALLY_RESOLVED,"{""x"": 0, ""v"": 0.04, ""tau"": 0.003968253968253968, ""K"": 1, ""kappa"": 2.0, ""theta"": 0.04, ""sigma"": 0.3, ""rho"": -0.7, ""r"": 0.03}","[""FD_derivative_amplification_or_truncation""]"
v2_grid,32,CORE,QUADRATURE_NOT_CONVERGED,stored adaptive-quadrature success=False; requested accuracy not achieved (including reported roundoff),UNRESOLVED,"{""x"": 0, ""v"": 0.04, ""tau"": 0.1, ""K"": 1, ""kappa"": 2.0, ""theta"": 0.04, ""sigma"": 0.3, ""rho"": -0.7, ""r"": 0.03}","[""solver_error""]"
v2_grid,33,CORE,QUADRATURE_NOT_CONVERGED,stored adaptive-quadrature success=False; requested accuracy not achieved (including reported roundoff),UNRESOLVED,"{""x"": 0, ""v"": 0.04, ""tau"": 0.5, ""K"": 1, ""kappa"": 2.0, ""theta"": 0.04, ""sigma"": 0.3, ""rho"": -0.7, ""r"": 0.03}","[""solver_error""]"
v2_grid,34,CORE,QUADRATURE_NOT_CONVERGED,stored adaptive-quadrature success=False; requested accuracy not achieved (including reported roundoff),NUMERICALLY_RESOLVED,"{""x"": 0, ""v"": 0.04, ""tau"": 1, ""K"": 1, ""kappa"": 2.0, ""theta"": 0.04, ""sigma"": 0.3, ""rho"": -0.7, ""r"": 0.03}","[""solver_error""]"
v2_grid,35,CORE,QUADRATURE_NOT_CONVERGED,stored adaptive-quadrature success=False; requested accuracy not achieved (including reported roundoff),UNRESOLVED,"{""x"": 0, ""v"": 0.04, ""tau"": 2, ""K"": 1, ""kappa"": 2.0, ""theta"": 0.04, ""sigma"": 0.3, ""rho"": -0.7, ""r"": 0.03}","[""solver_error""]"
v2_grid,36,CORE,QUADRATURE_NOT_CONVERGED,measured last-two cutoff changes exceed budget/4,UNRESOLVED,"{""x"": 0.1, ""v"": 0.01, ""tau"": 0.003968253968253968, ""K"": 1, ""kappa"": 2.0, ""theta"": 0.04, ""sigma"": 0.3, ""rho"": -0.7, ""r"": 0.03}","[""A_domain"", ""solver_error"", ""FD_uncertainty_budget_unresolved""]"
v2_grid,37,CORE,QUADRATURE_NOT_CONVERGED,measured last-two cutoff changes exceed budget/4,UNRESOLVED,"{""x"": 0.1, ""v"": 0.01, ""tau"": 0.01, ""K"": 1, ""kappa"": 2.0, ""theta"": 0.04, ""sigma"": 0.3, ""rho"": -0.7, ""r"": 0.03}","[""A_domain"", ""solver_error"", ""FD_uncertainty_budget_unresolved""]"
v2_grid,38,CORE,QUADRATURE_NOT_CONVERGED,stored adaptive-quadrature success=False; requested accuracy not achieved (including reported roundoff),UNRESOLVED,"{""x"": 0.1, ""v"": 0.01, ""tau"": 0.1, ""K"": 1, ""kappa"": 2.0, ""theta"": 0.04, ""sigma"": 0.3, ""rho"": -0.7, ""r"": 0.03}","[""solver_error""]"
v2_grid,39,CORE,QUADRATURE_NOT_CONVERGED,stored adaptive-quadrature success=False; requested accuracy not achieved (including reported roundoff),UNRESOLVED,"{""x"": 0.1, ""v"": 0.01, ""tau"": 0.5, ""K"": 1, ""kappa"": 2.0, ""theta"": 0.04, ""sigma"": 0.3, ""rho"": -0.7, ""r"": 0.03}","[""solver_error""]"
v2_grid,40,CORE,QUADRATURE_NOT_CONVERGED,stored adaptive-quadrature success=False; requested accuracy not achieved (including reported roundoff),UNRESOLVED,"{""x"": 0.1, ""v"": 0.01, ""tau"": 1, ""K"": 1, ""kappa"": 2.0, ""theta"": 0.04, ""sigma"": 0.3, ""rho"": -0.7, ""r"": 0.03}","[""solver_error""]"
v2_grid,41,CORE,QUADRATURE_NOT_CONVERGED,stored adaptive-quadrature success=False; requested accuracy not achieved (including reported roundoff),UNRESOLVED,"{""x"": 0.1, ""v"": 0.01, ""tau"": 2, ""K"": 1, ""kappa"": 2.0, ""theta"": 0.04, ""sigma"": 0.3, ""rho"": -0.7, ""r"": 0.03}","[""solver_error""]"
v2_grid,42,CORE,QUADRATURE_NOT_CONVERGED,stored adaptive-quadrature success=False; requested accuracy not achieved (including reported roundoff),UNRESOLVED,"{""x"": 0.1, ""v"": 0.04, ""tau"": 0.003968253968253968, ""K"": 1, ""kappa"": 2.0, ""theta"": 0.04, ""sigma"": 0.3, ""rho"": -0.7, ""r"": 0.03}","[""solver_error"", ""FD_uncertainty_budget_unresolved""]"
v2_grid,43,CORE,QUADRATURE_NOT_CONVERGED,stored adaptive-quadrature success=False; requested accuracy not achieved (including reported roundoff),UNRESOLVED,"{""x"": 0.1, ""v"": 0.04, ""tau"": 0.01, ""K"": 1, ""kappa"": 2.0, ""theta"": 0.04, ""sigma"": 0.3, ""rho"": -0.7, ""r"": 0.03}","[""solver_error""]"
v2_grid,44,CORE,QUADRATURE_NOT_CONVERGED,stored adaptive-quadrature success=False; requested accuracy not achieved (including reported roundoff),UNRESOLVED,"{""x"": 0.1, ""v"": 0.04, ""tau"": 0.1, ""K"": 1, ""kappa"": 2.0, ""theta"": 0.04, ""sigma"": 0.3, ""rho"": -0.7, ""r"": 0.03}","[""solver_error""]"
v2_grid,45,CORE,QUADRATURE_NOT_CONVERGED,stored adaptive-quadrature success=False; requested accuracy not achieved (including reported roundoff),UNRESOLVED,"{""x"": 0.1, ""v"": 0.04, ""tau"": 0.5, ""K"": 1, ""kappa"": 2.0, ""theta"": 0.04, ""sigma"": 0.3, ""rho"": -0.7, ""r"": 0.03}","[""solver_error""]"
v2_grid,46,CORE,QUADRATURE_NOT_CONVERGED,stored adaptive-quadrature success=False; requested accuracy not achieved (including reported roundoff),UNRESOLVED,"{""x"": 0.1, ""v"": 0.04, ""tau"": 1, ""K"": 1, ""kappa"": 2.0, ""theta"": 0.04, ""sigma"": 0.3, ""rho"": -0.7, ""r"": 0.03}","[""solver_error""]"
v2_grid,47,CORE,QUADRATURE_NOT_CONVERGED,stored adaptive-quadrature success=False; requested accuracy not achieved (including reported roundoff),UNRESOLVED,"{""x"": 0.1, ""v"": 0.04, ""tau"": 2, ""K"": 1, ""kappa"": 2.0, ""theta"": 0.04, ""sigma"": 0.3, ""rho"": -0.7, ""r"": 0.03}","[""solver_error""]"
v2_grid,48,CORE,QUADRATURE_NOT_CONVERGED,measured last-two cutoff changes exceed budget/4,UNRESOLVED,"{""x"": 0.7, ""v"": 0.01, ""tau"": 0.003968253968253968, ""K"": 1, ""kappa"": 2.0, ""theta"": 0.04, ""sigma"": 0.3, ""rho"": -0.7, ""r"": 0.03}","[""A_domain"", ""solver_error"", ""FD_uncertainty_budget_unresolved""]"
v2_grid,49,CORE,QUADRATURE_NOT_CONVERGED,measured last-two cutoff changes exceed budget/4,UNRESOLVED,"{""x"": 0.7, ""v"": 0.01, ""tau"": 0.01, ""K"": 1, ""kappa"": 2.0, ""theta"": 0.04, ""sigma"": 0.3, ""rho"": -0.7, ""r"": 0.03}","[""A_domain"", ""solver_error""]"
v2_grid,50,CORE,QUADRATURE_NOT_CONVERGED,stored adaptive-quadrature success=False; requested accuracy not achieved (including reported roundoff),UNRESOLVED,"{""x"": 0.7, ""v"": 0.01, ""tau"": 0.1, ""K"": 1, ""kappa"": 2.0, ""theta"": 0.04, ""sigma"": 0.3, ""rho"": -0.7, ""r"": 0.03}","[""solver_error""]"
v2_grid,51,CORE,QUADRATURE_NOT_CONVERGED,stored adaptive-quadrature success=False; requested accuracy not achieved (including reported roundoff),UNRESOLVED,"{""x"": 0.7, ""v"": 0.01, ""tau"": 0.5, ""K"": 1, ""kappa"": 2.0, ""theta"": 0.04, ""sigma"": 0.3, ""rho"": -0.7, ""r"": 0.03}","[""solver_error""]"
v2_grid,52,CORE,QUADRATURE_NOT_CONVERGED,stored adaptive-quadrature success=False; requested accuracy not achieved (including reported roundoff),UNRESOLVED,"{""x"": 0.7, ""v"": 0.01, ""tau"": 1, ""K"": 1, ""kappa"": 2.0, ""theta"": 0.04, ""sigma"": 0.3, ""rho"": -0.7, ""r"": 0.03}","[""solver_error""]"
v2_grid,53,CORE,QUADRATURE_NOT_CONVERGED,stored adaptive-quadrature success=False; requested accuracy not achieved (including reported roundoff),UNRESOLVED,"{""x"": 0.7, ""v"": 0.01, ""tau"": 2, ""K"": 1, ""kappa"": 2.0, ""theta"": 0.04, ""sigma"": 0.3, ""rho"": -0.7, ""r"": 0.03}","[""solver_error""]"
v2_grid,54,CORE,QUADRATURE_NOT_CONVERGED,stored adaptive-quadrature success=False; requested accuracy not achieved (including reported roundoff),UNRESOLVED,"{""x"": 0.7, ""v"": 0.04, ""tau"": 0.003968253968253968, ""K"": 1, ""kappa"": 2.0, ""theta"": 0.04, ""sigma"": 0.3, ""rho"": -0.7, ""r"": 0.03}","[""solver_error""]"
v2_grid,55,CORE,QUADRATURE_NOT_CONVERGED,stored adaptive-quadrature success=False; requested accuracy not achieved (including reported roundoff),UNRESOLVED,"{""x"": 0.7, ""v"": 0.04, ""tau"": 0.01, ""K"": 1, ""kappa"": 2.0, ""theta"": 0.04, ""sigma"": 0.3, ""rho"": -0.7, ""r"": 0.03}","[""solver_error""]"
v2_grid,56,CORE,QUADRATURE_NOT_CONVERGED,stored adaptive-quadrature success=False; requested accuracy not achieved (including reported roundoff),UNRESOLVED,"{""x"": 0.7, ""v"": 0.04, ""tau"": 0.1, ""K"": 1, ""kappa"": 2.0, ""theta"": 0.04, ""sigma"": 0.3, ""rho"": -0.7, ""r"": 0.03}","[""solver_error""]"
v2_grid,57,CORE,QUADRATURE_NOT_CONVERGED,stored adaptive-quadrature success=False; requested accuracy not achieved (including reported roundoff),UNRESOLVED,"{""x"": 0.7, ""v"": 0.04, ""tau"": 0.5, ""K"": 1, ""kappa"": 2.0, ""theta"": 0.04, ""sigma"": 0.3, ""rho"": -0.7, ""r"": 0.03}","[""solver_error""]"
v2_grid,58,CORE,QUADRATURE_NOT_CONVERGED,stored adaptive-quadrature success=False; requested accuracy not achieved (including reported roundoff),UNRESOLVED,"{""x"": 0.7, ""v"": 0.04, ""tau"": 1, ""K"": 1, ""kappa"": 2.0, ""theta"": 0.04, ""sigma"": 0.3, ""rho"": -0.7, ""r"": 0.03}","[""solver_error""]"
v2_grid,59,CORE,QUADRATURE_NOT_CONVERGED,stored adaptive-quadrature success=False; requested accuracy not achieved (including reported roundoff),UNRESOLVED,"{""x"": 0.7, ""v"": 0.04, ""tau"": 2, ""K"": 1, ""kappa"": 2.0, ""theta"": 0.04, ""sigma"": 0.3, ""rho"": -0.7, ""r"": 0.03}","[""solver_error""]"
v2_grid,60,CORE,QUADRATURE_NOT_CONVERGED,measured last-two cutoff changes exceed budget/4,UNRESOLVED,"{""x"": -0.7, ""v"": 0.01, ""tau"": 0.003968253968253968, ""K"": 1, ""kappa"": 1, ""theta"": 0.04, ""sigma"": 0.282842712474619, ""rho"": -0.7, ""r"": 0.03}","[""A_domain"", ""solver_error"", ""FD_uncertainty_budget_unresolved""]"
v2_grid,61,CORE,QUADRATURE_NOT_CONVERGED,measured last-two cutoff changes exceed budget/4,UNRESOLVED,"{""x"": -0.7, ""v"": 0.01, ""tau"": 0.01, ""K"": 1, ""kappa"": 1, ""theta"": 0.04, ""sigma"": 0.282842712474619, ""rho"": -0.7, ""r"": 0.03}","[""A_domain"", ""solver_error"", ""FD_uncertainty_budget_unresolved""]"
v2_grid,62,CORE,QUADRATURE_NOT_CONVERGED,stored adaptive-quadrature success=False; requested accuracy not achieved (including reported roundoff),UNRESOLVED,"{""x"": -0.7, ""v"": 0.01, ""tau"": 0.1, ""K"": 1, ""kappa"": 1, ""theta"": 0.04, ""sigma"": 0.282842712474619, ""rho"": -0.7, ""r"": 0.03}","[""solver_error"", ""FD_uncertainty_budget_unresolved""]"
v2_grid,63,CORE,QUADRATURE_NOT_CONVERGED,stored adaptive-quadrature success=False; requested accuracy not achieved (including reported roundoff),UNRESOLVED,"{""x"": -0.7, ""v"": 0.01, ""tau"": 0.5, ""K"": 1, ""kappa"": 1, ""theta"": 0.04, ""sigma"": 0.282842712474619, ""rho"": -0.7, ""r"": 0.03}","[""solver_error"", ""FD_uncertainty_budget_unresolved""]"
v2_grid,64,CORE,QUADRATURE_NOT_CONVERGED,stored adaptive-quadrature success=False; requested accuracy not achieved (including reported roundoff),UNRESOLVED,"{""x"": -0.7, ""v"": 0.01, ""tau"": 1, ""K"": 1, ""kappa"": 1, ""theta"": 0.04, ""sigma"": 0.282842712474619, ""rho"": -0.7, ""r"": 0.03}","[""solver_error"", ""FD_uncertainty_budget_unresolved""]"
v2_grid,65,CORE,QUADRATURE_NOT_CONVERGED,stored adaptive-quadrature success=False; requested accuracy not achieved (including reported roundoff),UNRESOLVED,"{""x"": -0.7, ""v"": 0.01, ""tau"": 2, ""K"": 1, ""kappa"": 1, ""theta"": 0.04, ""sigma"": 0.282842712474619, ""rho"": -0.7, ""r"": 0.03}","[""solver_error"", ""FD_uncertainty_budget_unresolved""]"
v2_grid,66,CORE,QUADRATURE_NOT_CONVERGED,stored adaptive-quadrature success=False; requested accuracy not achieved (including reported roundoff),UNRESOLVED,"{""x"": -0.7, ""v"": 0.04, ""tau"": 0.003968253968253968, ""K"": 1, ""kappa"": 1, ""theta"": 0.04, ""sigma"": 0.282842712474619, ""rho"": -0.7, ""r"": 0.03}","[""solver_error"", ""FD_uncertainty_budget_unresolved""]"
v2_grid,67,CORE,QUADRATURE_NOT_CONVERGED,stored adaptive-quadrature success=False; requested accuracy not achieved (including reported roundoff),UNRESOLVED,"{""x"": -0.7, ""v"": 0.04, ""tau"": 0.01, ""K"": 1, ""kappa"": 1, ""theta"": 0.04, ""sigma"": 0.282842712474619, ""rho"": -0.7, ""r"": 0.03}","[""solver_error"", ""FD_uncertainty_budget_unresolved""]"
v2_grid,68,CORE,QUADRATURE_NOT_CONVERGED,stored adaptive-quadrature success=False; requested accuracy not achieved (including reported roundoff),UNRESOLVED,"{""x"": -0.7, ""v"": 0.04, ""tau"": 0.1, ""K"": 1, ""kappa"": 1, ""theta"": 0.04, ""sigma"": 0.282842712474619, ""rho"": -0.7, ""r"": 0.03}","[""solver_error"", ""FD_uncertainty_budget_unresolved""]"
v2_grid,69,CORE,QUADRATURE_NOT_CONVERGED,stored adaptive-quadrature success=False; requested accuracy not achieved (including reported roundoff),UNRESOLVED,"{""x"": -0.7, ""v"": 0.04, ""tau"": 0.5, ""K"": 1, ""kappa"": 1, ""theta"": 0.04, ""sigma"": 0.282842712474619, ""rho"": -0.7, ""r"": 0.03}","[""solver_error"", ""FD_uncertainty_budget_unresolved""]"
v2_grid,70,CORE,QUADRATURE_NOT_CONVERGED,stored adaptive-quadrature success=False; requested accuracy not achieved (including reported roundoff),UNRESOLVED,"{""x"": -0.7, ""v"": 0.04, ""tau"": 1, ""K"": 1, ""kappa"": 1, ""theta"": 0.04, ""sigma"": 0.282842712474619, ""rho"": -0.7, ""r"": 0.03}","[""solver_error"", ""FD_uncertainty_budget_unresolved""]"
v2_grid,71,CORE,QUADRATURE_NOT_CONVERGED,stored adaptive-quadrature success=False; requested accuracy not achieved (including reported roundoff),UNRESOLVED,"{""x"": -0.7, ""v"": 0.04, ""tau"": 2, ""K"": 1, ""kappa"": 1, ""theta"": 0.04, ""sigma"": 0.282842712474619, ""rho"": -0.7, ""r"": 0.03}","[""solver_error"", ""FD_uncertainty_budget_unresolved""]"
v2_grid,72,CORE,QUADRATURE_NOT_CONVERGED,measured last-two cutoff changes exceed budget/4,UNRESOLVED,"{""x"": -0.1, ""v"": 0.01, ""tau"": 0.003968253968253968, ""K"": 1, ""kappa"": 1, ""theta"": 0.04, ""sigma"": 0.282842712474619, ""rho"": -0.7, ""r"": 0.03}","[""A_domain"", ""solver_error"", ""FD_uncertainty_budget_unresolved""]"
v2_grid,73,CORE,QUADRATURE_NOT_CONVERGED,measured last-two cutoff changes exceed budget/4,UNRESOLVED,"{""x"": -0.1, ""v"": 0.01, ""tau"": 0.01, ""K"": 1, ""kappa"": 1, ""theta"": 0.04, ""sigma"": 0.282842712474619, ""rho"": -0.7, ""r"": 0.03}","[""A_domain"", ""solver_error"", ""FD_uncertainty_budget_unresolved""]"
v2_grid,74,CORE,QUADRATURE_NOT_CONVERGED,stored adaptive-quadrature success=False; requested accuracy not achieved (including reported roundoff),UNRESOLVED,"{""x"": -0.1, ""v"": 0.01, ""tau"": 0.1, ""K"": 1, ""kappa"": 1, ""theta"": 0.04, ""sigma"": 0.282842712474619, ""rho"": -0.7, ""r"": 0.03}","[""solver_error"", ""FD_uncertainty_budget_unresolved""]"
v2_grid,76,CORE,QUADRATURE_NOT_CONVERGED,stored adaptive-quadrature success=False; requested accuracy not achieved (including reported roundoff),UNRESOLVED,"{""x"": -0.1, ""v"": 0.01, ""tau"": 1, ""K"": 1, ""kappa"": 1, ""theta"": 0.04, ""sigma"": 0.282842712474619, ""rho"": -0.7, ""r"": 0.03}","[""solver_error""]"
v2_grid,78,CORE,QUADRATURE_NOT_CONVERGED,stored adaptive-quadrature success=False; requested accuracy not achieved (including reported roundoff),UNRESOLVED,"{""x"": -0.1, ""v"": 0.04, ""tau"": 0.003968253968253968, ""K"": 1, ""kappa"": 1, ""theta"": 0.04, ""sigma"": 0.282842712474619, ""rho"": -0.7, ""r"": 0.03}","[""solver_error"", ""FD_uncertainty_budget_unresolved""]"
v2_grid,79,CORE,QUADRATURE_NOT_CONVERGED,stored adaptive-quadrature success=False; requested accuracy not achieved (including reported roundoff),UNRESOLVED,"{""x"": -0.1, ""v"": 0.04, ""tau"": 0.01, ""K"": 1, ""kappa"": 1, ""theta"": 0.04, ""sigma"": 0.282842712474619, ""rho"": -0.7, ""r"": 0.03}","[""solver_error"", ""FD_uncertainty_budget_unresolved""]"
v2_grid,80,CORE,QUADRATURE_NOT_CONVERGED,stored adaptive-quadrature success=False; requested accuracy not achieved (including reported roundoff),UNRESOLVED,"{""x"": -0.1, ""v"": 0.04, ""tau"": 0.1, ""K"": 1, ""kappa"": 1, ""theta"": 0.04, ""sigma"": 0.282842712474619, ""rho"": -0.7, ""r"": 0.03}","[""solver_error""]"
v2_grid,81,CORE,QUADRATURE_NOT_CONVERGED,stored adaptive-quadrature success=False; requested accuracy not achieved (including reported roundoff),UNRESOLVED,"{""x"": -0.1, ""v"": 0.04, ""tau"": 0.5, ""K"": 1, ""kappa"": 1, ""theta"": 0.04, ""sigma"": 0.282842712474619, ""rho"": -0.7, ""r"": 0.03}","[""solver_error""]"
v2_grid,82,CORE,QUADRATURE_NOT_CONVERGED,stored adaptive-quadrature success=False; requested accuracy not achieved (including reported roundoff),UNRESOLVED,"{""x"": -0.1, ""v"": 0.04, ""tau"": 1, ""K"": 1, ""kappa"": 1, ""theta"": 0.04, ""sigma"": 0.282842712474619, ""rho"": -0.7, ""r"": 0.03}","[""solver_error""]"
v2_grid,83,CORE,QUADRATURE_NOT_CONVERGED,stored adaptive-quadrature success=False; requested accuracy not achieved (including reported roundoff),UNRESOLVED,"{""x"": -0.1, ""v"": 0.04, ""tau"": 2, ""K"": 1, ""kappa"": 1, ""theta"": 0.04, ""sigma"": 0.282842712474619, ""rho"": -0.7, ""r"": 0.03}","[""solver_error""]"
v2_grid,84,CORE,FD_TRUNCATION,legacy last-two FD changes exceed budget; independently refined MP prices/Greeks and smaller physical-step windows meet unchanged budgets,NUMERICALLY_RESOLVED,"{""x"": 0, ""v"": 0.01, ""tau"": 0.003968253968253968, ""K"": 1, ""kappa"": 1, ""theta"": 0.04, ""sigma"": 0.282842712474619, ""rho"": -0.7, ""r"": 0.03}","[""A_domain"", ""FD_derivative_amplification_or_truncation"", ""strike_FD_derivative_unresolved""]"
v2_grid,85,CORE,FD_TRUNCATION,legacy last-two FD changes exceed budget; independently refined MP prices/Greeks and smaller physical-step windows meet unchanged budgets,NUMERICALLY_RESOLVED,"{""x"": 0, ""v"": 0.01, ""tau"": 0.01, ""K"": 1, ""kappa"": 1, ""theta"": 0.04, ""sigma"": 0.282842712474619, ""rho"": -0.7, ""r"": 0.03}","[""FD_derivative_amplification_or_truncation""]"
v2_grid,87,CORE,QUADRATURE_NOT_CONVERGED,stored adaptive-quadrature success=False; requested accuracy not achieved (including reported roundoff),UNRESOLVED,"{""x"": 0, ""v"": 0.01, ""tau"": 0.5, ""K"": 1, ""kappa"": 1, ""theta"": 0.04, ""sigma"": 0.282842712474619, ""rho"": -0.7, ""r"": 0.03}","[""solver_error""]"
v2_grid,88,CORE,QUADRATURE_NOT_CONVERGED,stored adaptive-quadrature success=False; requested accuracy not achieved (including reported roundoff),UNRESOLVED,"{""x"": 0, ""v"": 0.01, ""tau"": 1, ""K"": 1, ""kappa"": 1, ""theta"": 0.04, ""sigma"": 0.282842712474619, ""rho"": -0.7, ""r"": 0.03}","[""solver_error""]"
v2_grid,89,CORE,QUADRATURE_NOT_CONVERGED,stored adaptive-quadrature success=False; requested accuracy not achieved (including reported roundoff),UNRESOLVED,"{""x"": 0, ""v"": 0.01, ""tau"": 2, ""K"": 1, ""kappa"": 1, ""theta"": 0.04, ""sigma"": 0.282842712474619, ""rho"": -0.7, ""r"": 0.03}","[""solver_error""]"
v2_grid,90,CORE,FD_TRUNCATION,legacy last-two FD changes exceed budget; independently refined MP prices/Greeks and smaller physical-step windows meet unchanged budgets,NUMERICALLY_RESOLVED,"{""x"": 0, ""v"": 0.04, ""tau"": 0.003968253968253968, ""K"": 1, ""kappa"": 1, ""theta"": 0.04, ""sigma"": 0.282842712474619, ""rho"": -0.7, ""r"": 0.03}","[""FD_derivative_amplification_or_truncation""]"
v2_grid,92,CORE,QUADRATURE_NOT_CONVERGED,stored adaptive-quadrature success=False; requested accuracy not achieved (including reported roundoff),UNRESOLVED,"{""x"": 0, ""v"": 0.04, ""tau"": 0.1, ""K"": 1, ""kappa"": 1, ""theta"": 0.04, ""sigma"": 0.282842712474619, ""rho"": -0.7, ""r"": 0.03}","[""solver_error""]"
v2_grid,93,CORE,QUADRATURE_NOT_CONVERGED,stored adaptive-quadrature success=False; requested accuracy not achieved (including reported roundoff),UNRESOLVED,"{""x"": 0, ""v"": 0.04, ""tau"": 0.5, ""K"": 1, ""kappa"": 1, ""theta"": 0.04, ""sigma"": 0.282842712474619, ""rho"": -0.7, ""r"": 0.03}","[""solver_error""]"
v2_grid,94,CORE,QUADRATURE_NOT_CONVERGED,stored adaptive-quadrature success=False; requested accuracy not achieved (including reported roundoff),UNRESOLVED,"{""x"": 0, ""v"": 0.04, ""tau"": 1, ""K"": 1, ""kappa"": 1, ""theta"": 0.04, ""sigma"": 0.282842712474619, ""rho"": -0.7, ""r"": 0.03}","[""solver_error""]"
v2_grid,95,CORE,QUADRATURE_NOT_CONVERGED,stored adaptive-quadrature success=False; requested accuracy not achieved (including reported roundoff),UNRESOLVED,"{""x"": 0, ""v"": 0.04, ""tau"": 2, ""K"": 1, ""kappa"": 1, ""theta"": 0.04, ""sigma"": 0.282842712474619, ""rho"": -0.7, ""r"": 0.03}","[""solver_error""]"
v2_grid,96,CORE,QUADRATURE_NOT_CONVERGED,measured last-two cutoff changes exceed budget/4,UNRESOLVED,"{""x"": 0.1, ""v"": 0.01, ""tau"": 0.003968253968253968, ""K"": 1, ""kappa"": 1, ""theta"": 0.04, ""sigma"": 0.282842712474619, ""rho"": -0.7, ""r"": 0.03}","[""A_domain"", ""solver_error"", ""FD_uncertainty_budget_unresolved""]"
v2_grid,97,CORE,QUADRATURE_NOT_CONVERGED,measured last-two cutoff changes exceed budget/4,UNRESOLVED,"{""x"": 0.1, ""v"": 0.01, ""tau"": 0.01, ""K"": 1, ""kappa"": 1, ""theta"": 0.04, ""sigma"": 0.282842712474619, ""rho"": -0.7, ""r"": 0.03}","[""A_domain"", ""solver_error"", ""FD_uncertainty_budget_unresolved""]"
v2_grid,98,CORE,QUADRATURE_NOT_CONVERGED,stored adaptive-quadrature success=False; requested accuracy not achieved (including reported roundoff),UNRESOLVED,"{""x"": 0.1, ""v"": 0.01, ""tau"": 0.1, ""K"": 1, ""kappa"": 1, ""theta"": 0.04, ""sigma"": 0.282842712474619, ""rho"": -0.7, ""r"": 0.03}","[""solver_error""]"
v2_grid,99,CORE,QUADRATURE_NOT_CONVERGED,stored adaptive-quadrature success=False; requested accuracy not achieved (including reported roundoff),UNRESOLVED,"{""x"": 0.1, ""v"": 0.01, ""tau"": 0.5, ""K"": 1, ""kappa"": 1, ""theta"": 0.04, ""sigma"": 0.282842712474619, ""rho"": -0.7, ""r"": 0.03}","[""solver_error""]"
v2_grid,100,CORE,QUADRATURE_NOT_CONVERGED,stored adaptive-quadrature success=False; requested accuracy not achieved (including reported roundoff),UNRESOLVED,"{""x"": 0.1, ""v"": 0.01, ""tau"": 1, ""K"": 1, ""kappa"": 1, ""theta"": 0.04, ""sigma"": 0.282842712474619, ""rho"": -0.7, ""r"": 0.03}","[""solver_error""]"
v2_grid,101,CORE,QUADRATURE_NOT_CONVERGED,stored adaptive-quadrature success=False; requested accuracy not achieved (including reported roundoff),UNRESOLVED,"{""x"": 0.1, ""v"": 0.01, ""tau"": 2, ""K"": 1, ""kappa"": 1, ""theta"": 0.04, ""sigma"": 0.282842712474619, ""rho"": -0.7, ""r"": 0.03}","[""solver_error""]"
v2_grid,102,CORE,QUADRATURE_NOT_CONVERGED,stored adaptive-quadrature success=False; requested accuracy not achieved (including reported roundoff),UNRESOLVED,"{""x"": 0.1, ""v"": 0.04, ""tau"": 0.003968253968253968, ""K"": 1, ""kappa"": 1, ""theta"": 0.04, ""sigma"": 0.282842712474619, ""rho"": -0.7, ""r"": 0.03}","[""solver_error"", ""FD_uncertainty_budget_unresolved""]"
v2_grid,103,CORE,QUADRATURE_NOT_CONVERGED,stored adaptive-quadrature success=False; requested accuracy not achieved (including reported roundoff),UNRESOLVED,"{""x"": 0.1, ""v"": 0.04, ""tau"": 0.01, ""K"": 1, ""kappa"": 1, ""theta"": 0.04, ""sigma"": 0.282842712474619, ""rho"": -0.7, ""r"": 0.03}","[""solver_error""]"
v2_grid,104,CORE,QUADRATURE_NOT_CONVERGED,stored adaptive-quadrature success=False; requested accuracy not achieved (including reported roundoff),UNRESOLVED,"{""x"": 0.1, ""v"": 0.04, ""tau"": 0.1, ""K"": 1, ""kappa"": 1, ""theta"": 0.04, ""sigma"": 0.282842712474619, ""rho"": -0.7, ""r"": 0.03}","[""solver_error""]"
v2_grid,105,CORE,QUADRATURE_NOT_CONVERGED,stored adaptive-quadrature success=False; requested accuracy not achieved (including reported roundoff),UNRESOLVED,"{""x"": 0.1, ""v"": 0.04, ""tau"": 0.5, ""K"": 1, ""kappa"": 1, ""theta"": 0.04, ""sigma"": 0.282842712474619, ""rho"": -0.7, ""r"": 0.03}","[""solver_error""]"
v2_grid,106,CORE,QUADRATURE_NOT_CONVERGED,stored adaptive-quadrature success=False; requested accuracy not achieved (including reported roundoff),UNRESOLVED,"{""x"": 0.1, ""v"": 0.04, ""tau"": 1, ""K"": 1, ""kappa"": 1, ""theta"": 0.04, ""sigma"": 0.282842712474619, ""rho"": -0.7, ""r"": 0.03}","[""solver_error""]"
v2_grid,107,CORE,QUADRATURE_NOT_CONVERGED,stored adaptive-quadrature success=False; requested accuracy not achieved (including reported roundoff),UNRESOLVED,"{""x"": 0.1, ""v"": 0.04, ""tau"": 2, ""K"": 1, ""kappa"": 1, ""theta"": 0.04, ""sigma"": 0.282842712474619, ""rho"": -0.7, ""r"": 0.03}","[""solver_error""]"
v2_grid,108,CORE,QUADRATURE_NOT_CONVERGED,measured last-two cutoff changes exceed budget/4,UNRESOLVED,"{""x"": 0.7, ""v"": 0.01, ""tau"": 0.003968253968253968, ""K"": 1, ""kappa"": 1, ""theta"": 0.04, ""sigma"": 0.282842712474619, ""rho"": -0.7, ""r"": 0.03}","[""A_domain"", ""solver_error"", ""FD_uncertainty_budget_unresolved""]"
v2_grid,109,CORE,QUADRATURE_NOT_CONVERGED,measured last-two cutoff changes exceed budget/4,UNRESOLVED,"{""x"": 0.7, ""v"": 0.01, ""tau"": 0.01, ""K"": 1, ""kappa"": 1, ""theta"": 0.04, ""sigma"": 0.282842712474619, ""rho"": -0.7, ""r"": 0.03}","[""A_domain"", ""solver_error""]"
v2_grid,110,CORE,QUADRATURE_NOT_CONVERGED,stored adaptive-quadrature success=False; requested accuracy not achieved (including reported roundoff),UNRESOLVED,"{""x"": 0.7, ""v"": 0.01, ""tau"": 0.1, ""K"": 1, ""kappa"": 1, ""theta"": 0.04, ""sigma"": 0.282842712474619, ""rho"": -0.7, ""r"": 0.03}","[""solver_error""]"
v2_grid,111,CORE,QUADRATURE_NOT_CONVERGED,stored adaptive-quadrature success=False; requested accuracy not achieved (including reported roundoff),UNRESOLVED,"{""x"": 0.7, ""v"": 0.01, ""tau"": 0.5, ""K"": 1, ""kappa"": 1, ""theta"": 0.04, ""sigma"": 0.282842712474619, ""rho"": -0.7, ""r"": 0.03}","[""solver_error""]"
v2_grid,112,CORE,QUADRATURE_NOT_CONVERGED,stored adaptive-quadrature success=False; requested accuracy not achieved (including reported roundoff),UNRESOLVED,"{""x"": 0.7, ""v"": 0.01, ""tau"": 1, ""K"": 1, ""kappa"": 1, ""theta"": 0.04, ""sigma"": 0.282842712474619, ""rho"": -0.7, ""r"": 0.03}","[""solver_error""]"
v2_grid,113,CORE,QUADRATURE_NOT_CONVERGED,stored adaptive-quadrature success=False; requested accuracy not achieved (including reported roundoff),UNRESOLVED,"{""x"": 0.7, ""v"": 0.01, ""tau"": 2, ""K"": 1, ""kappa"": 1, ""theta"": 0.04, ""sigma"": 0.282842712474619, ""rho"": -0.7, ""r"": 0.03}","[""solver_error""]"
v2_grid,114,CORE,QUADRATURE_NOT_CONVERGED,stored adaptive-quadrature success=False; requested accuracy not achieved (including reported roundoff),UNRESOLVED,"{""x"": 0.7, ""v"": 0.04, ""tau"": 0.003968253968253968, ""K"": 1, ""kappa"": 1, ""theta"": 0.04, ""sigma"": 0.282842712474619, ""rho"": -0.7, ""r"": 0.03}","[""solver_error""]"
v2_grid,115,CORE,QUADRATURE_NOT_CONVERGED,stored adaptive-quadrature success=False; requested accuracy not achieved (including reported roundoff),UNRESOLVED,"{""x"": 0.7, ""v"": 0.04, ""tau"": 0.01, ""K"": 1, ""kappa"": 1, ""theta"": 0.04, ""sigma"": 0.282842712474619, ""rho"": -0.7, ""r"": 0.03}","[""solver_error""]"
v2_grid,116,CORE,QUADRATURE_NOT_CONVERGED,stored adaptive-quadrature success=False; requested accuracy not achieved (including reported roundoff),UNRESOLVED,"{""x"": 0.7, ""v"": 0.04, ""tau"": 0.1, ""K"": 1, ""kappa"": 1, ""theta"": 0.04, ""sigma"": 0.282842712474619, ""rho"": -0.7, ""r"": 0.03}","[""solver_error""]"
v2_grid,117,CORE,QUADRATURE_NOT_CONVERGED,stored adaptive-quadrature success=False; requested accuracy not achieved (including reported roundoff),UNRESOLVED,"{""x"": 0.7, ""v"": 0.04, ""tau"": 0.5, ""K"": 1, ""kappa"": 1, ""theta"": 0.04, ""sigma"": 0.282842712474619, ""rho"": -0.7, ""r"": 0.03}","[""solver_error""]"
v2_grid,118,CORE,QUADRATURE_NOT_CONVERGED,stored adaptive-quadrature success=False; requested accuracy not achieved (including reported roundoff),UNRESOLVED,"{""x"": 0.7, ""v"": 0.04, ""tau"": 1, ""K"": 1, ""kappa"": 1, ""theta"": 0.04, ""sigma"": 0.282842712474619, ""rho"": -0.7, ""r"": 0.03}","[""solver_error""]"
v2_grid,119,CORE,QUADRATURE_NOT_CONVERGED,stored adaptive-quadrature success=False; requested accuracy not achieved (including reported roundoff),UNRESOLVED,"{""x"": 0.7, ""v"": 0.04, ""tau"": 2, ""K"": 1, ""kappa"": 1, ""theta"": 0.04, ""sigma"": 0.282842712474619, ""rho"": -0.7, ""r"": 0.03}","[""solver_error""]"
v2_grid,120,CORE,QUADRATURE_NOT_CONVERGED,measured last-two cutoff changes exceed budget/4,UNRESOLVED,"{""x"": -0.7, ""v"": 0.01, ""tau"": 0.003968253968253968, ""K"": 1, ""kappa"": 1, ""theta"": 0.04, ""sigma"": 0.27, ""rho"": -0.7, ""r"": 0.03}","[""A_domain"", ""solver_error"", ""FD_uncertainty_budget_unresolved""]"
v2_grid,121,CORE,QUADRATURE_NOT_CONVERGED,measured last-two cutoff changes exceed budget/4,UNRESOLVED,"{""x"": -0.7, ""v"": 0.01, ""tau"": 0.01, ""K"": 1, ""kappa"": 1, ""theta"": 0.04, ""sigma"": 0.27, ""rho"": -0.7, ""r"": 0.03}","[""A_domain"", ""solver_error"", ""FD_uncertainty_budget_unresolved""]"
v2_grid,122,CORE,QUADRATURE_NOT_CONVERGED,stored adaptive-quadrature success=False; requested accuracy not achieved (including reported roundoff),UNRESOLVED,"{""x"": -0.7, ""v"": 0.01, ""tau"": 0.1, ""K"": 1, ""kappa"": 1, ""theta"": 0.04, ""sigma"": 0.27, ""rho"": -0.7, ""r"": 0.03}","[""solver_error"", ""FD_uncertainty_budget_unresolved""]"
v2_grid,123,CORE,QUADRATURE_NOT_CONVERGED,stored adaptive-quadrature success=False; requested accuracy not achieved (including reported roundoff),UNRESOLVED,"{""x"": -0.7, ""v"": 0.01, ""tau"": 0.5, ""K"": 1, ""kappa"": 1, ""theta"": 0.04, ""sigma"": 0.27, ""rho"": -0.7, ""r"": 0.03}","[""solver_error"", ""FD_uncertainty_budget_unresolved""]"
v2_grid,124,CORE,QUADRATURE_NOT_CONVERGED,stored adaptive-quadrature success=False; requested accuracy not achieved (including reported roundoff),UNRESOLVED,"{""x"": -0.7, ""v"": 0.01, ""tau"": 1, ""K"": 1, ""kappa"": 1, ""theta"": 0.04, ""sigma"": 0.27, ""rho"": -0.7, ""r"": 0.03}","[""solver_error"", ""FD_uncertainty_budget_unresolved""]"
v2_grid,125,CORE,QUADRATURE_NOT_CONVERGED,stored adaptive-quadrature success=False; requested accuracy not achieved (including reported roundoff),UNRESOLVED,"{""x"": -0.7, ""v"": 0.01, ""tau"": 2, ""K"": 1, ""kappa"": 1, ""theta"": 0.04, ""sigma"": 0.27, ""rho"": -0.7, ""r"": 0.03}","[""solver_error"", ""FD_uncertainty_budget_unresolved""]"
v2_grid,126,CORE,QUADRATURE_NOT_CONVERGED,stored adaptive-quadrature success=False; requested accuracy not achieved (including reported roundoff),UNRESOLVED,"{""x"": -0.7, ""v"": 0.04, ""tau"": 0.003968253968253968, ""K"": 1, ""kappa"": 1, ""theta"": 0.04, ""sigma"": 0.27, ""rho"": -0.7, ""r"": 0.03}","[""solver_error"", ""FD_uncertainty_budget_unresolved""]"
v2_grid,127,CORE,QUADRATURE_NOT_CONVERGED,stored adaptive-quadrature success=False; requested accuracy not achieved (including reported roundoff),UNRESOLVED,"{""x"": -0.7, ""v"": 0.04, ""tau"": 0.01, ""K"": 1, ""kappa"": 1, ""theta"": 0.04, ""sigma"": 0.27, ""rho"": -0.7, ""r"": 0.03}","[""solver_error"", ""FD_uncertainty_budget_unresolved""]"
v2_grid,128,CORE,QUADRATURE_NOT_CONVERGED,stored adaptive-quadrature success=False; requested accuracy not achieved (including reported roundoff),UNRESOLVED,"{""x"": -0.7, ""v"": 0.04, ""tau"": 0.1, ""K"": 1, ""kappa"": 1, ""theta"": 0.04, ""sigma"": 0.27, ""rho"": -0.7, ""r"": 0.03}","[""solver_error"", ""FD_uncertainty_budget_unresolved""]"
v2_grid,129,CORE,QUADRATURE_NOT_CONVERGED,stored adaptive-quadrature success=False; requested accuracy not achieved (including reported roundoff),UNRESOLVED,"{""x"": -0.7, ""v"": 0.04, ""tau"": 0.5, ""K"": 1, ""kappa"": 1, ""theta"": 0.04, ""sigma"": 0.27, ""rho"": -0.7, ""r"": 0.03}","[""solver_error"", ""FD_uncertainty_budget_unresolved""]"
v2_grid,130,CORE,QUADRATURE_NOT_CONVERGED,stored adaptive-quadrature success=False; requested accuracy not achieved (including reported roundoff),UNRESOLVED,"{""x"": -0.7, ""v"": 0.04, ""tau"": 1, ""K"": 1, ""kappa"": 1, ""theta"": 0.04, ""sigma"": 0.27, ""rho"": -0.7, ""r"": 0.03}","[""solver_error"", ""FD_uncertainty_budget_unresolved""]"
v2_grid,131,CORE,QUADRATURE_NOT_CONVERGED,stored adaptive-quadrature success=False; requested accuracy not achieved (including reported roundoff),UNRESOLVED,"{""x"": -0.7, ""v"": 0.04, ""tau"": 2, ""K"": 1, ""kappa"": 1, ""theta"": 0.04, ""sigma"": 0.27, ""rho"": -0.7, ""r"": 0.03}","[""solver_error"", ""FD_uncertainty_budget_unresolved""]"
v2_grid,132,CORE,QUADRATURE_NOT_CONVERGED,measured last-two cutoff changes exceed budget/4,UNRESOLVED,"{""x"": -0.1, ""v"": 0.01, ""tau"": 0.003968253968253968, ""K"": 1, ""kappa"": 1, ""theta"": 0.04, ""sigma"": 0.27, ""rho"": -0.7, ""r"": 0.03}","[""A_domain"", ""solver_error"", ""FD_uncertainty_budget_unresolved""]"
v2_grid,133,CORE,QUADRATURE_NOT_CONVERGED,measured last-two cutoff changes exceed budget/4,UNRESOLVED,"{""x"": -0.1, ""v"": 0.01, ""tau"": 0.01, ""K"": 1, ""kappa"": 1, ""theta"": 0.04, ""sigma"": 0.27, ""rho"": -0.7, ""r"": 0.03}","[""A_domain"", ""solver_error"", ""FD_uncertainty_budget_unresolved""]"
v2_grid,134,CORE,QUADRATURE_NOT_CONVERGED,stored adaptive-quadrature success=False; requested accuracy not achieved (including reported roundoff),UNRESOLVED,"{""x"": -0.1, ""v"": 0.01, ""tau"": 0.1, ""K"": 1, ""kappa"": 1, ""theta"": 0.04, ""sigma"": 0.27, ""rho"": -0.7, ""r"": 0.03}","[""solver_error"", ""FD_uncertainty_budget_unresolved""]"
v2_grid,136,CORE,QUADRATURE_NOT_CONVERGED,stored adaptive-quadrature success=False; requested accuracy not achieved (including reported roundoff),UNRESOLVED,"{""x"": -0.1, ""v"": 0.01, ""tau"": 1, ""K"": 1, ""kappa"": 1, ""theta"": 0.04, ""sigma"": 0.27, ""rho"": -0.7, ""r"": 0.03}","[""solver_error""]"
v2_grid,138,CORE,QUADRATURE_NOT_CONVERGED,stored adaptive-quadrature success=False; requested accuracy not achieved (including reported roundoff),UNRESOLVED,"{""x"": -0.1, ""v"": 0.04, ""tau"": 0.003968253968253968, ""K"": 1, ""kappa"": 1, ""theta"": 0.04, ""sigma"": 0.27, ""rho"": -0.7, ""r"": 0.03}","[""solver_error"", ""FD_uncertainty_budget_unresolved""]"
v2_grid,139,CORE,QUADRATURE_NOT_CONVERGED,stored adaptive-quadrature success=False; requested accuracy not achieved (including reported roundoff),UNRESOLVED,"{""x"": -0.1, ""v"": 0.04, ""tau"": 0.01, ""K"": 1, ""kappa"": 1, ""theta"": 0.04, ""sigma"": 0.27, ""rho"": -0.7, ""r"": 0.03}","[""solver_error"", ""FD_uncertainty_budget_unresolved""]"
v2_grid,140,CORE,QUADRATURE_NOT_CONVERGED,stored adaptive-quadrature success=False; requested accuracy not achieved (including reported roundoff),UNRESOLVED,"{""x"": -0.1, ""v"": 0.04, ""tau"": 0.1, ""K"": 1, ""kappa"": 1, ""theta"": 0.04, ""sigma"": 0.27, ""rho"": -0.7, ""r"": 0.03}","[""solver_error""]"
v2_grid,141,CORE,QUADRATURE_NOT_CONVERGED,stored adaptive-quadrature success=False; requested accuracy not achieved (including reported roundoff),UNRESOLVED,"{""x"": -0.1, ""v"": 0.04, ""tau"": 0.5, ""K"": 1, ""kappa"": 1, ""theta"": 0.04, ""sigma"": 0.27, ""rho"": -0.7, ""r"": 0.03}","[""solver_error""]"
v2_grid,142,CORE,QUADRATURE_NOT_CONVERGED,stored adaptive-quadrature success=False; requested accuracy not achieved (including reported roundoff),UNRESOLVED,"{""x"": -0.1, ""v"": 0.04, ""tau"": 1, ""K"": 1, ""kappa"": 1, ""theta"": 0.04, ""sigma"": 0.27, ""rho"": -0.7, ""r"": 0.03}","[""solver_error""]"
v2_grid,144,CORE,FD_TRUNCATION,legacy last-two FD changes exceed budget; independently refined MP prices/Greeks and smaller physical-step windows meet unchanged budgets,NUMERICALLY_RESOLVED,"{""x"": 0, ""v"": 0.01, ""tau"": 0.003968253968253968, ""K"": 1, ""kappa"": 1, ""theta"": 0.04, ""sigma"": 0.27, ""rho"": -0.7, ""r"": 0.03}","[""A_domain"", ""FD_derivative_amplification_or_truncation"", ""strike_FD_derivative_unresolved""]"
v2_grid,145,CORE,FD_TRUNCATION,legacy last-two FD changes exceed budget; independently refined MP prices/Greeks and smaller physical-step windows meet unchanged budgets,NUMERICALLY_RESOLVED,"{""x"": 0, ""v"": 0.01, ""tau"": 0.01, ""K"": 1, ""kappa"": 1, ""theta"": 0.04, ""sigma"": 0.27, ""rho"": -0.7, ""r"": 0.03}","[""FD_derivative_amplification_or_truncation""]"
v2_grid,147,CORE,QUADRATURE_NOT_CONVERGED,stored adaptive-quadrature success=False; requested accuracy not achieved (including reported roundoff),UNRESOLVED,"{""x"": 0, ""v"": 0.01, ""tau"": 0.5, ""K"": 1, ""kappa"": 1, ""theta"": 0.04, ""sigma"": 0.27, ""rho"": -0.7, ""r"": 0.03}","[""solver_error""]"
v2_grid,148,CORE,QUADRATURE_NOT_CONVERGED,stored adaptive-quadrature success=False; requested accuracy not achieved (including reported roundoff),UNRESOLVED,"{""x"": 0, ""v"": 0.01, ""tau"": 1, ""K"": 1, ""kappa"": 1, ""theta"": 0.04, ""sigma"": 0.27, ""rho"": -0.7, ""r"": 0.03}","[""solver_error""]"
v2_grid,149,CORE,QUADRATURE_NOT_CONVERGED,stored adaptive-quadrature success=False; requested accuracy not achieved (including reported roundoff),UNRESOLVED,"{""x"": 0, ""v"": 0.01, ""tau"": 2, ""K"": 1, ""kappa"": 1, ""theta"": 0.04, ""sigma"": 0.27, ""rho"": -0.7, ""r"": 0.03}","[""solver_error""]"
v2_grid,150,CORE,FD_TRUNCATION,legacy last-two FD changes exceed budget; independently refined MP prices/Greeks and smaller physical-step windows meet unchanged budgets,NUMERICALLY_RESOLVED,"{""x"": 0, ""v"": 0.04, ""tau"": 0.003968253968253968, ""K"": 1, ""kappa"": 1, ""theta"": 0.04, ""sigma"": 0.27, ""rho"": -0.7, ""r"": 0.03}","[""FD_derivative_amplification_or_truncation""]"
v2_grid,152,CORE,QUADRATURE_NOT_CONVERGED,stored adaptive-quadrature success=False; requested accuracy not achieved (including reported roundoff),UNRESOLVED,"{""x"": 0, ""v"": 0.04, ""tau"": 0.1, ""K"": 1, ""kappa"": 1, ""theta"": 0.04, ""sigma"": 0.27, ""rho"": -0.7, ""r"": 0.03}","[""solver_error""]"
v2_grid,153,CORE,QUADRATURE_NOT_CONVERGED,stored adaptive-quadrature success=False; requested accuracy not achieved (including reported roundoff),UNRESOLVED,"{""x"": 0, ""v"": 0.04, ""tau"": 0.5, ""K"": 1, ""kappa"": 1, ""theta"": 0.04, ""sigma"": 0.27, ""rho"": -0.7, ""r"": 0.03}","[""solver_error""]"
v2_grid,154,CORE,QUADRATURE_NOT_CONVERGED,stored adaptive-quadrature success=False; requested accuracy not achieved (including reported roundoff),UNRESOLVED,"{""x"": 0, ""v"": 0.04, ""tau"": 1, ""K"": 1, ""kappa"": 1, ""theta"": 0.04, ""sigma"": 0.27, ""rho"": -0.7, ""r"": 0.03}","[""solver_error""]"
v2_grid,155,CORE,QUADRATURE_NOT_CONVERGED,stored adaptive-quadrature success=False; requested accuracy not achieved (including reported roundoff),UNRESOLVED,"{""x"": 0, ""v"": 0.04, ""tau"": 2, ""K"": 1, ""kappa"": 1, ""theta"": 0.04, ""sigma"": 0.27, ""rho"": -0.7, ""r"": 0.03}","[""solver_error""]"
v2_grid,156,CORE,QUADRATURE_NOT_CONVERGED,measured last-two cutoff changes exceed budget/4,UNRESOLVED,"{""x"": 0.1, ""v"": 0.01, ""tau"": 0.003968253968253968, ""K"": 1, ""kappa"": 1, ""theta"": 0.04, ""sigma"": 0.27, ""rho"": -0.7, ""r"": 0.03}","[""A_domain"", ""solver_error"", ""FD_uncertainty_budget_unresolved""]"
v2_grid,157,CORE,QUADRATURE_NOT_CONVERGED,measured last-two cutoff changes exceed budget/4,UNRESOLVED,"{""x"": 0.1, ""v"": 0.01, ""tau"": 0.01, ""K"": 1, ""kappa"": 1, ""theta"": 0.04, ""sigma"": 0.27, ""rho"": -0.7, ""r"": 0.03}","[""A_domain"", ""solver_error"", ""FD_uncertainty_budget_unresolved""]"
v2_grid,158,CORE,QUADRATURE_NOT_CONVERGED,stored adaptive-quadrature success=False; requested accuracy not achieved (including reported roundoff),UNRESOLVED,"{""x"": 0.1, ""v"": 0.01, ""tau"": 0.1, ""K"": 1, ""kappa"": 1, ""theta"": 0.04, ""sigma"": 0.27, ""rho"": -0.7, ""r"": 0.03}","[""solver_error""]"
v2_grid,159,CORE,QUADRATURE_NOT_CONVERGED,stored adaptive-quadrature success=False; requested accuracy not achieved (including reported roundoff),UNRESOLVED,"{""x"": 0.1, ""v"": 0.01, ""tau"": 0.5, ""K"": 1, ""kappa"": 1, ""theta"": 0.04, ""sigma"": 0.27, ""rho"": -0.7, ""r"": 0.03}","[""solver_error""]"
v2_grid,160,CORE,QUADRATURE_NOT_CONVERGED,stored adaptive-quadrature success=False; requested accuracy not achieved (including reported roundoff),UNRESOLVED,"{""x"": 0.1, ""v"": 0.01, ""tau"": 1, ""K"": 1, ""kappa"": 1, ""theta"": 0.04, ""sigma"": 0.27, ""rho"": -0.7, ""r"": 0.03}","[""solver_error""]"
v2_grid,161,CORE,QUADRATURE_NOT_CONVERGED,stored adaptive-quadrature success=False; requested accuracy not achieved (including reported roundoff),UNRESOLVED,"{""x"": 0.1, ""v"": 0.01, ""tau"": 2, ""K"": 1, ""kappa"": 1, ""theta"": 0.04, ""sigma"": 0.27, ""rho"": -0.7, ""r"": 0.03}","[""solver_error""]"
v2_grid,162,CORE,QUADRATURE_NOT_CONVERGED,stored adaptive-quadrature success=False; requested accuracy not achieved (including reported roundoff),UNRESOLVED,"{""x"": 0.1, ""v"": 0.04, ""tau"": 0.003968253968253968, ""K"": 1, ""kappa"": 1, ""theta"": 0.04, ""sigma"": 0.27, ""rho"": -0.7, ""r"": 0.03}","[""solver_error"", ""FD_uncertainty_budget_unresolved""]"
v2_grid,163,CORE,QUADRATURE_NOT_CONVERGED,stored adaptive-quadrature success=False; requested accuracy not achieved (including reported roundoff),UNRESOLVED,"{""x"": 0.1, ""v"": 0.04, ""tau"": 0.01, ""K"": 1, ""kappa"": 1, ""theta"": 0.04, ""sigma"": 0.27, ""rho"": -0.7, ""r"": 0.03}","[""solver_error""]"
v2_grid,164,CORE,QUADRATURE_NOT_CONVERGED,stored adaptive-quadrature success=False; requested accuracy not achieved (including reported roundoff),UNRESOLVED,"{""x"": 0.1, ""v"": 0.04, ""tau"": 0.1, ""K"": 1, ""kappa"": 1, ""theta"": 0.04, ""sigma"": 0.27, ""rho"": -0.7, ""r"": 0.03}","[""solver_error""]"
v2_grid,165,CORE,QUADRATURE_NOT_CONVERGED,stored adaptive-quadrature success=False; requested accuracy not achieved (including reported roundoff),UNRESOLVED,"{""x"": 0.1, ""v"": 0.04, ""tau"": 0.5, ""K"": 1, ""kappa"": 1, ""theta"": 0.04, ""sigma"": 0.27, ""rho"": -0.7, ""r"": 0.03}","[""solver_error""]"
v2_grid,166,CORE,QUADRATURE_NOT_CONVERGED,stored adaptive-quadrature success=False; requested accuracy not achieved (including reported roundoff),UNRESOLVED,"{""x"": 0.1, ""v"": 0.04, ""tau"": 1, ""K"": 1, ""kappa"": 1, ""theta"": 0.04, ""sigma"": 0.27, ""rho"": -0.7, ""r"": 0.03}","[""solver_error""]"
v2_grid,167,CORE,QUADRATURE_NOT_CONVERGED,stored adaptive-quadrature success=False; requested accuracy not achieved (including reported roundoff),UNRESOLVED,"{""x"": 0.1, ""v"": 0.04, ""tau"": 2, ""K"": 1, ""kappa"": 1, ""theta"": 0.04, ""sigma"": 0.27, ""rho"": -0.7, ""r"": 0.03}","[""solver_error""]"
v2_grid,168,CORE,QUADRATURE_NOT_CONVERGED,measured last-two cutoff changes exceed budget/4,UNRESOLVED,"{""x"": 0.7, ""v"": 0.01, ""tau"": 0.003968253968253968, ""K"": 1, ""kappa"": 1, ""theta"": 0.04, ""sigma"": 0.27, ""rho"": -0.7, ""r"": 0.03}","[""A_domain"", ""solver_error"", ""FD_uncertainty_budget_unresolved""]"
v2_grid,169,CORE,QUADRATURE_NOT_CONVERGED,measured last-two cutoff changes exceed budget/4,UNRESOLVED,"{""x"": 0.7, ""v"": 0.01, ""tau"": 0.01, ""K"": 1, ""kappa"": 1, ""theta"": 0.04, ""sigma"": 0.27, ""rho"": -0.7, ""r"": 0.03}","[""A_domain"", ""solver_error""]"
v2_grid,170,CORE,QUADRATURE_NOT_CONVERGED,stored adaptive-quadrature success=False; requested accuracy not achieved (including reported roundoff),UNRESOLVED,"{""x"": 0.7, ""v"": 0.01, ""tau"": 0.1, ""K"": 1, ""kappa"": 1, ""theta"": 0.04, ""sigma"": 0.27, ""rho"": -0.7, ""r"": 0.03}","[""solver_error""]"
v2_grid,171,CORE,QUADRATURE_NOT_CONVERGED,stored adaptive-quadrature success=False; requested accuracy not achieved (including reported roundoff),UNRESOLVED,"{""x"": 0.7, ""v"": 0.01, ""tau"": 0.5, ""K"": 1, ""kappa"": 1, ""theta"": 0.04, ""sigma"": 0.27, ""rho"": -0.7, ""r"": 0.03}","[""solver_error""]"
v2_grid,172,CORE,QUADRATURE_NOT_CONVERGED,stored adaptive-quadrature success=False; requested accuracy not achieved (including reported roundoff),UNRESOLVED,"{""x"": 0.7, ""v"": 0.01, ""tau"": 1, ""K"": 1, ""kappa"": 1, ""theta"": 0.04, ""sigma"": 0.27, ""rho"": -0.7, ""r"": 0.03}","[""solver_error""]"
v2_grid,173,CORE,QUADRATURE_NOT_CONVERGED,stored adaptive-quadrature success=False; requested accuracy not achieved (including reported roundoff),UNRESOLVED,"{""x"": 0.7, ""v"": 0.01, ""tau"": 2, ""K"": 1, ""kappa"": 1, ""theta"": 0.04, ""sigma"": 0.27, ""rho"": -0.7, ""r"": 0.03}","[""solver_error""]"
v2_grid,174,CORE,QUADRATURE_NOT_CONVERGED,stored adaptive-quadrature success=False; requested accuracy not achieved (including reported roundoff),UNRESOLVED,"{""x"": 0.7, ""v"": 0.04, ""tau"": 0.003968253968253968, ""K"": 1, ""kappa"": 1, ""theta"": 0.04, ""sigma"": 0.27, ""rho"": -0.7, ""r"": 0.03}","[""solver_error""]"
v2_grid,175,CORE,QUADRATURE_NOT_CONVERGED,stored adaptive-quadrature success=False; requested accuracy not achieved (including reported roundoff),UNRESOLVED,"{""x"": 0.7, ""v"": 0.04, ""tau"": 0.01, ""K"": 1, ""kappa"": 1, ""theta"": 0.04, ""sigma"": 0.27, ""rho"": -0.7, ""r"": 0.03}","[""solver_error""]"
v2_grid,176,CORE,QUADRATURE_NOT_CONVERGED,stored adaptive-quadrature success=False; requested accuracy not achieved (including reported roundoff),UNRESOLVED,"{""x"": 0.7, ""v"": 0.04, ""tau"": 0.1, ""K"": 1, ""kappa"": 1, ""theta"": 0.04, ""sigma"": 0.27, ""rho"": -0.7, ""r"": 0.03}","[""solver_error""]"
v2_grid,177,CORE,QUADRATURE_NOT_CONVERGED,stored adaptive-quadrature success=False; requested accuracy not achieved (including reported roundoff),UNRESOLVED,"{""x"": 0.7, ""v"": 0.04, ""tau"": 0.5, ""K"": 1, ""kappa"": 1, ""theta"": 0.04, ""sigma"": 0.27, ""rho"": -0.7, ""r"": 0.03}","[""solver_error""]"
v2_grid,178,CORE,QUADRATURE_NOT_CONVERGED,stored adaptive-quadrature success=False; requested accuracy not achieved (including reported roundoff),UNRESOLVED,"{""x"": 0.7, ""v"": 0.04, ""tau"": 1, ""K"": 1, ""kappa"": 1, ""theta"": 0.04, ""sigma"": 0.27, ""rho"": -0.7, ""r"": 0.03}","[""solver_error""]"
v2_grid,179,CORE,QUADRATURE_NOT_CONVERGED,stored adaptive-quadrature success=False; requested accuracy not achieved (including reported roundoff),UNRESOLVED,"{""x"": 0.7, ""v"": 0.04, ""tau"": 2, ""K"": 1, ""kappa"": 1, ""theta"": 0.04, ""sigma"": 0.27, ""rho"": -0.7, ""r"": 0.03}","[""solver_error""]"
v2_grid,180,CORE,QUADRATURE_NOT_CONVERGED,measured last-two cutoff changes exceed budget/4,UNRESOLVED,"{""x"": -0.7, ""v"": 0.01, ""tau"": 0.003968253968253968, ""K"": 1, ""kappa"": 1, ""theta"": 0.04, ""sigma"": 0.3, ""rho"": -0.7, ""r"": 0.03}","[""A_domain"", ""solver_error"", ""FD_uncertainty_budget_unresolved""]"
v2_grid,181,CORE,QUADRATURE_NOT_CONVERGED,measured last-two cutoff changes exceed budget/4,UNRESOLVED,"{""x"": -0.7, ""v"": 0.01, ""tau"": 0.01, ""K"": 1, ""kappa"": 1, ""theta"": 0.04, ""sigma"": 0.3, ""rho"": -0.7, ""r"": 0.03}","[""A_domain"", ""solver_error"", ""FD_uncertainty_budget_unresolved""]"
v2_grid,182,CORE,QUADRATURE_NOT_CONVERGED,stored adaptive-quadrature success=False; requested accuracy not achieved (including reported roundoff),UNRESOLVED,"{""x"": -0.7, ""v"": 0.01, ""tau"": 0.1, ""K"": 1, ""kappa"": 1, ""theta"": 0.04, ""sigma"": 0.3, ""rho"": -0.7, ""r"": 0.03}","[""solver_error"", ""FD_uncertainty_budget_unresolved""]"
v2_grid,183,CORE,QUADRATURE_NOT_CONVERGED,stored adaptive-quadrature success=False; requested accuracy not achieved (including reported roundoff),UNRESOLVED,"{""x"": -0.7, ""v"": 0.01, ""tau"": 0.5, ""K"": 1, ""kappa"": 1, ""theta"": 0.04, ""sigma"": 0.3, ""rho"": -0.7, ""r"": 0.03}","[""solver_error"", ""FD_uncertainty_budget_unresolved""]"
v2_grid,184,CORE,QUADRATURE_NOT_CONVERGED,stored adaptive-quadrature success=False; requested accuracy not achieved (including reported roundoff),UNRESOLVED,"{""x"": -0.7, ""v"": 0.01, ""tau"": 1, ""K"": 1, ""kappa"": 1, ""theta"": 0.04, ""sigma"": 0.3, ""rho"": -0.7, ""r"": 0.03}","[""solver_error"", ""FD_uncertainty_budget_unresolved""]"
v2_grid,185,CORE,QUADRATURE_NOT_CONVERGED,stored adaptive-quadrature success=False; requested accuracy not achieved (including reported roundoff),UNRESOLVED,"{""x"": -0.7, ""v"": 0.01, ""tau"": 2, ""K"": 1, ""kappa"": 1, ""theta"": 0.04, ""sigma"": 0.3, ""rho"": -0.7, ""r"": 0.03}","[""solver_error"", ""FD_uncertainty_budget_unresolved""]"
v2_grid,186,CORE,QUADRATURE_NOT_CONVERGED,stored adaptive-quadrature success=False; requested accuracy not achieved (including reported roundoff),UNRESOLVED,"{""x"": -0.7, ""v"": 0.04, ""tau"": 0.003968253968253968, ""K"": 1, ""kappa"": 1, ""theta"": 0.04, ""sigma"": 0.3, ""rho"": -0.7, ""r"": 0.03}","[""solver_error"", ""FD_uncertainty_budget_unresolved""]"
v2_grid,187,CORE,QUADRATURE_NOT_CONVERGED,stored adaptive-quadrature success=False; requested accuracy not achieved (including reported roundoff),UNRESOLVED,"{""x"": -0.7, ""v"": 0.04, ""tau"": 0.01, ""K"": 1, ""kappa"": 1, ""theta"": 0.04, ""sigma"": 0.3, ""rho"": -0.7, ""r"": 0.03}","[""solver_error"", ""FD_uncertainty_budget_unresolved""]"
v2_grid,188,CORE,QUADRATURE_NOT_CONVERGED,stored adaptive-quadrature success=False; requested accuracy not achieved (including reported roundoff),UNRESOLVED,"{""x"": -0.7, ""v"": 0.04, ""tau"": 0.1, ""K"": 1, ""kappa"": 1, ""theta"": 0.04, ""sigma"": 0.3, ""rho"": -0.7, ""r"": 0.03}","[""solver_error"", ""FD_uncertainty_budget_unresolved""]"
v2_grid,189,CORE,QUADRATURE_NOT_CONVERGED,stored adaptive-quadrature success=False; requested accuracy not achieved (including reported roundoff),UNRESOLVED,"{""x"": -0.7, ""v"": 0.04, ""tau"": 0.5, ""K"": 1, ""kappa"": 1, ""theta"": 0.04, ""sigma"": 0.3, ""rho"": -0.7, ""r"": 0.03}","[""solver_error"", ""FD_uncertainty_budget_unresolved""]"
v2_grid,190,CORE,QUADRATURE_NOT_CONVERGED,stored adaptive-quadrature success=False; requested accuracy not achieved (including reported roundoff),UNRESOLVED,"{""x"": -0.7, ""v"": 0.04, ""tau"": 1, ""K"": 1, ""kappa"": 1, ""theta"": 0.04, ""sigma"": 0.3, ""rho"": -0.7, ""r"": 0.03}","[""solver_error"", ""FD_uncertainty_budget_unresolved""]"
v2_grid,191,CORE,QUADRATURE_NOT_CONVERGED,stored adaptive-quadrature success=False; requested accuracy not achieved (including reported roundoff),UNRESOLVED,"{""x"": -0.7, ""v"": 0.04, ""tau"": 2, ""K"": 1, ""kappa"": 1, ""theta"": 0.04, ""sigma"": 0.3, ""rho"": -0.7, ""r"": 0.03}","[""solver_error"", ""FD_uncertainty_budget_unresolved""]"
v2_grid,192,CORE,QUADRATURE_NOT_CONVERGED,measured last-two cutoff changes exceed budget/4,UNRESOLVED,"{""x"": -0.1, ""v"": 0.01, ""tau"": 0.003968253968253968, ""K"": 1, ""kappa"": 1, ""theta"": 0.04, ""sigma"": 0.3, ""rho"": -0.7, ""r"": 0.03}","[""A_domain"", ""solver_error"", ""FD_uncertainty_budget_unresolved""]"
v2_grid,193,CORE,QUADRATURE_NOT_CONVERGED,measured last-two cutoff changes exceed budget/4,UNRESOLVED,"{""x"": -0.1, ""v"": 0.01, ""tau"": 0.01, ""K"": 1, ""kappa"": 1, ""theta"": 0.04, ""sigma"": 0.3, ""rho"": -0.7, ""r"": 0.03}","[""A_domain"", ""solver_error"", ""FD_uncertainty_budget_unresolved""]"
v2_grid,194,CORE,QUADRATURE_NOT_CONVERGED,stored adaptive-quadrature success=False; requested accuracy not achieved (including reported roundoff),UNRESOLVED,"{""x"": -0.1, ""v"": 0.01, ""tau"": 0.1, ""K"": 1, ""kappa"": 1, ""theta"": 0.04, ""sigma"": 0.3, ""rho"": -0.7, ""r"": 0.03}","[""solver_error"", ""FD_uncertainty_budget_unresolved""]"
v2_grid,195,CORE,QUADRATURE_NOT_CONVERGED,stored adaptive-quadrature success=False; requested accuracy not achieved (including reported roundoff),UNRESOLVED,"{""x"": -0.1, ""v"": 0.01, ""tau"": 0.5, ""K"": 1, ""kappa"": 1, ""theta"": 0.04, ""sigma"": 0.3, ""rho"": -0.7, ""r"": 0.03}","[""solver_error""]"
v2_grid,196,CORE,QUADRATURE_NOT_CONVERGED,stored adaptive-quadrature success=False; requested accuracy not achieved (including reported roundoff),UNRESOLVED,"{""x"": -0.1, ""v"": 0.01, ""tau"": 1, ""K"": 1, ""kappa"": 1, ""theta"": 0.04, ""sigma"": 0.3, ""rho"": -0.7, ""r"": 0.03}","[""solver_error""]"
v2_grid,198,CORE,QUADRATURE_NOT_CONVERGED,stored adaptive-quadrature success=False; requested accuracy not achieved (including reported roundoff),UNRESOLVED,"{""x"": -0.1, ""v"": 0.04, ""tau"": 0.003968253968253968, ""K"": 1, ""kappa"": 1, ""theta"": 0.04, ""sigma"": 0.3, ""rho"": -0.7, ""r"": 0.03}","[""solver_error"", ""FD_uncertainty_budget_unresolved""]"
v2_grid,199,CORE,QUADRATURE_NOT_CONVERGED,stored adaptive-quadrature success=False; requested accuracy not achieved (including reported roundoff),UNRESOLVED,"{""x"": -0.1, ""v"": 0.04, ""tau"": 0.01, ""K"": 1, ""kappa"": 1, ""theta"": 0.04, ""sigma"": 0.3, ""rho"": -0.7, ""r"": 0.03}","[""solver_error"", ""FD_uncertainty_budget_unresolved""]"
v2_grid,200,CORE,QUADRATURE_NOT_CONVERGED,stored adaptive-quadrature success=False; requested accuracy not achieved (including reported roundoff),UNRESOLVED,"{""x"": -0.1, ""v"": 0.04, ""tau"": 0.1, ""K"": 1, ""kappa"": 1, ""theta"": 0.04, ""sigma"": 0.3, ""rho"": -0.7, ""r"": 0.03}","[""solver_error""]"
v2_grid,202,CORE,QUADRATURE_NOT_CONVERGED,stored adaptive-quadrature success=False; requested accuracy not achieved (including reported roundoff),UNRESOLVED,"{""x"": -0.1, ""v"": 0.04, ""tau"": 1, ""K"": 1, ""kappa"": 1, ""theta"": 0.04, ""sigma"": 0.3, ""rho"": -0.7, ""r"": 0.03}","[""solver_error""]"
v2_grid,203,CORE,QUADRATURE_NOT_CONVERGED,stored adaptive-quadrature success=False; requested accuracy not achieved (including reported roundoff),UNRESOLVED,"{""x"": -0.1, ""v"": 0.04, ""tau"": 2, ""K"": 1, ""kappa"": 1, ""theta"": 0.04, ""sigma"": 0.3, ""rho"": -0.7, ""r"": 0.03}","[""solver_error""]"
v2_grid,204,CORE,FD_TRUNCATION,legacy last-two FD changes exceed budget; independently refined MP prices/Greeks and smaller physical-step windows meet unchanged budgets,NUMERICALLY_RESOLVED,"{""x"": 0, ""v"": 0.01, ""tau"": 0.003968253968253968, ""K"": 1, ""kappa"": 1, ""theta"": 0.04, ""sigma"": 0.3, ""rho"": -0.7, ""r"": 0.03}","[""A_domain"", ""FD_derivative_amplification_or_truncation"", ""strike_FD_derivative_unresolved""]"
v2_grid,205,CORE,FD_TRUNCATION,legacy last-two FD changes exceed budget; independently refined MP prices/Greeks and smaller physical-step windows meet unchanged budgets,NUMERICALLY_RESOLVED,"{""x"": 0, ""v"": 0.01, ""tau"": 0.01, ""K"": 1, ""kappa"": 1, ""theta"": 0.04, ""sigma"": 0.3, ""rho"": -0.7, ""r"": 0.03}","[""A_domain"", ""FD_derivative_amplification_or_truncation""]"
v2_grid,207,CORE,QUADRATURE_NOT_CONVERGED,stored adaptive-quadrature success=False; requested accuracy not achieved (including reported roundoff),UNRESOLVED,"{""x"": 0, ""v"": 0.01, ""tau"": 0.5, ""K"": 1, ""kappa"": 1, ""theta"": 0.04, ""sigma"": 0.3, ""rho"": -0.7, ""r"": 0.03}","[""solver_error""]"
v2_grid,208,CORE,QUADRATURE_NOT_CONVERGED,stored adaptive-quadrature success=False; requested accuracy not achieved (including reported roundoff),UNRESOLVED,"{""x"": 0, ""v"": 0.01, ""tau"": 1, ""K"": 1, ""kappa"": 1, ""theta"": 0.04, ""sigma"": 0.3, ""rho"": -0.7, ""r"": 0.03}","[""solver_error""]"
v2_grid,209,CORE,QUADRATURE_NOT_CONVERGED,stored adaptive-quadrature success=False; requested accuracy not achieved (including reported roundoff),UNRESOLVED,"{""x"": 0, ""v"": 0.01, ""tau"": 2, ""K"": 1, ""kappa"": 1, ""theta"": 0.04, ""sigma"": 0.3, ""rho"": -0.7, ""r"": 0.03}","[""solver_error""]"
v2_grid,210,CORE,FD_TRUNCATION,legacy last-two FD changes exceed budget; independently refined MP prices/Greeks and smaller physical-step windows meet unchanged budgets,NUMERICALLY_RESOLVED,"{""x"": 0, ""v"": 0.04, ""tau"": 0.003968253968253968, ""K"": 1, ""kappa"": 1, ""theta"": 0.04, ""sigma"": 0.3, ""rho"": -0.7, ""r"": 0.03}","[""FD_derivative_amplification_or_truncation""]"
v2_grid,213,CORE,QUADRATURE_NOT_CONVERGED,stored adaptive-quadrature success=False; requested accuracy not achieved (including reported roundoff),UNRESOLVED,"{""x"": 0, ""v"": 0.04, ""tau"": 0.5, ""K"": 1, ""kappa"": 1, ""theta"": 0.04, ""sigma"": 0.3, ""rho"": -0.7, ""r"": 0.03}","[""solver_error""]"
v2_grid,214,CORE,QUADRATURE_NOT_CONVERGED,stored adaptive-quadrature success=False; requested accuracy not achieved (including reported roundoff),UNRESOLVED,"{""x"": 0, ""v"": 0.04, ""tau"": 1, ""K"": 1, ""kappa"": 1, ""theta"": 0.04, ""sigma"": 0.3, ""rho"": -0.7, ""r"": 0.03}","[""solver_error""]"
v2_grid,215,CORE,QUADRATURE_NOT_CONVERGED,stored adaptive-quadrature success=False; requested accuracy not achieved (including reported roundoff),UNRESOLVED,"{""x"": 0, ""v"": 0.04, ""tau"": 2, ""K"": 1, ""kappa"": 1, ""theta"": 0.04, ""sigma"": 0.3, ""rho"": -0.7, ""r"": 0.03}","[""solver_error""]"
v2_grid,216,CORE,QUADRATURE_NOT_CONVERGED,measured last-two cutoff changes exceed budget/4,UNRESOLVED,"{""x"": 0.1, ""v"": 0.01, ""tau"": 0.003968253968253968, ""K"": 1, ""kappa"": 1, ""theta"": 0.04, ""sigma"": 0.3, ""rho"": -0.7, ""r"": 0.03}","[""A_domain"", ""solver_error"", ""FD_uncertainty_budget_unresolved""]"
v2_grid,217,CORE,QUADRATURE_NOT_CONVERGED,measured last-two cutoff changes exceed budget/4,UNRESOLVED,"{""x"": 0.1, ""v"": 0.01, ""tau"": 0.01, ""K"": 1, ""kappa"": 1, ""theta"": 0.04, ""sigma"": 0.3, ""rho"": -0.7, ""r"": 0.03}","[""A_domain"", ""solver_error"", ""FD_uncertainty_budget_unresolved""]"
v2_grid,218,CORE,QUADRATURE_NOT_CONVERGED,stored adaptive-quadrature success=False; requested accuracy not achieved (including reported roundoff),UNRESOLVED,"{""x"": 0.1, ""v"": 0.01, ""tau"": 0.1, ""K"": 1, ""kappa"": 1, ""theta"": 0.04, ""sigma"": 0.3, ""rho"": -0.7, ""r"": 0.03}","[""solver_error""]"
v2_grid,219,CORE,QUADRATURE_NOT_CONVERGED,stored adaptive-quadrature success=False; requested accuracy not achieved (including reported roundoff),UNRESOLVED,"{""x"": 0.1, ""v"": 0.01, ""tau"": 0.5, ""K"": 1, ""kappa"": 1, ""theta"": 0.04, ""sigma"": 0.3, ""rho"": -0.7, ""r"": 0.03}","[""solver_error""]"
v2_grid,220,CORE,QUADRATURE_NOT_CONVERGED,stored adaptive-quadrature success=False; requested accuracy not achieved (including reported roundoff),UNRESOLVED,"{""x"": 0.1, ""v"": 0.01, ""tau"": 1, ""K"": 1, ""kappa"": 1, ""theta"": 0.04, ""sigma"": 0.3, ""rho"": -0.7, ""r"": 0.03}","[""solver_error""]"
v2_grid,221,CORE,QUADRATURE_NOT_CONVERGED,stored adaptive-quadrature success=False; requested accuracy not achieved (including reported roundoff),UNRESOLVED,"{""x"": 0.1, ""v"": 0.01, ""tau"": 2, ""K"": 1, ""kappa"": 1, ""theta"": 0.04, ""sigma"": 0.3, ""rho"": -0.7, ""r"": 0.03}","[""solver_error""]"
v2_grid,222,CORE,QUADRATURE_NOT_CONVERGED,stored adaptive-quadrature success=False; requested accuracy not achieved (including reported roundoff),UNRESOLVED,"{""x"": 0.1, ""v"": 0.04, ""tau"": 0.003968253968253968, ""K"": 1, ""kappa"": 1, ""theta"": 0.04, ""sigma"": 0.3, ""rho"": -0.7, ""r"": 0.03}","[""solver_error"", ""FD_uncertainty_budget_unresolved""]"
v2_grid,223,CORE,QUADRATURE_NOT_CONVERGED,stored adaptive-quadrature success=False; requested accuracy not achieved (including reported roundoff),UNRESOLVED,"{""x"": 0.1, ""v"": 0.04, ""tau"": 0.01, ""K"": 1, ""kappa"": 1, ""theta"": 0.04, ""sigma"": 0.3, ""rho"": -0.7, ""r"": 0.03}","[""solver_error""]"
v2_grid,224,CORE,QUADRATURE_NOT_CONVERGED,stored adaptive-quadrature success=False; requested accuracy not achieved (including reported roundoff),UNRESOLVED,"{""x"": 0.1, ""v"": 0.04, ""tau"": 0.1, ""K"": 1, ""kappa"": 1, ""theta"": 0.04, ""sigma"": 0.3, ""rho"": -0.7, ""r"": 0.03}","[""solver_error""]"
v2_grid,225,CORE,QUADRATURE_NOT_CONVERGED,stored adaptive-quadrature success=False; requested accuracy not achieved (including reported roundoff),UNRESOLVED,"{""x"": 0.1, ""v"": 0.04, ""tau"": 0.5, ""K"": 1, ""kappa"": 1, ""theta"": 0.04, ""sigma"": 0.3, ""rho"": -0.7, ""r"": 0.03}","[""solver_error""]"
v2_grid,226,CORE,QUADRATURE_NOT_CONVERGED,stored adaptive-quadrature success=False; requested accuracy not achieved (including reported roundoff),UNRESOLVED,"{""x"": 0.1, ""v"": 0.04, ""tau"": 1, ""K"": 1, ""kappa"": 1, ""theta"": 0.04, ""sigma"": 0.3, ""rho"": -0.7, ""r"": 0.03}","[""solver_error""]"
v2_grid,227,CORE,QUADRATURE_NOT_CONVERGED,stored adaptive-quadrature success=False; requested accuracy not achieved (including reported roundoff),UNRESOLVED,"{""x"": 0.1, ""v"": 0.04, ""tau"": 2, ""K"": 1, ""kappa"": 1, ""theta"": 0.04, ""sigma"": 0.3, ""rho"": -0.7, ""r"": 0.03}","[""solver_error""]"
v2_grid,228,CORE,QUADRATURE_NOT_CONVERGED,measured last-two cutoff changes exceed budget/4,UNRESOLVED,"{""x"": 0.7, ""v"": 0.01, ""tau"": 0.003968253968253968, ""K"": 1, ""kappa"": 1, ""theta"": 0.04, ""sigma"": 0.3, ""rho"": -0.7, ""r"": 0.03}","[""A_domain"", ""solver_error"", ""FD_uncertainty_budget_unresolved""]"
v2_grid,229,CORE,QUADRATURE_NOT_CONVERGED,measured last-two cutoff changes exceed budget/4,UNRESOLVED,"{""x"": 0.7, ""v"": 0.01, ""tau"": 0.01, ""K"": 1, ""kappa"": 1, ""theta"": 0.04, ""sigma"": 0.3, ""rho"": -0.7, ""r"": 0.03}","[""A_domain"", ""solver_error""]"
v2_grid,230,CORE,QUADRATURE_NOT_CONVERGED,stored adaptive-quadrature success=False; requested accuracy not achieved (including reported roundoff),UNRESOLVED,"{""x"": 0.7, ""v"": 0.01, ""tau"": 0.1, ""K"": 1, ""kappa"": 1, ""theta"": 0.04, ""sigma"": 0.3, ""rho"": -0.7, ""r"": 0.03}","[""solver_error""]"
v2_grid,231,CORE,QUADRATURE_NOT_CONVERGED,stored adaptive-quadrature success=False; requested accuracy not achieved (including reported roundoff),UNRESOLVED,"{""x"": 0.7, ""v"": 0.01, ""tau"": 0.5, ""K"": 1, ""kappa"": 1, ""theta"": 0.04, ""sigma"": 0.3, ""rho"": -0.7, ""r"": 0.03}","[""solver_error""]"
v2_grid,232,CORE,QUADRATURE_NOT_CONVERGED,stored adaptive-quadrature success=False; requested accuracy not achieved (including reported roundoff),UNRESOLVED,"{""x"": 0.7, ""v"": 0.01, ""tau"": 1, ""K"": 1, ""kappa"": 1, ""theta"": 0.04, ""sigma"": 0.3, ""rho"": -0.7, ""r"": 0.03}","[""solver_error""]"
v2_grid,233,CORE,QUADRATURE_NOT_CONVERGED,stored adaptive-quadrature success=False; requested accuracy not achieved (including reported roundoff),UNRESOLVED,"{""x"": 0.7, ""v"": 0.01, ""tau"": 2, ""K"": 1, ""kappa"": 1, ""theta"": 0.04, ""sigma"": 0.3, ""rho"": -0.7, ""r"": 0.03}","[""solver_error""]"
v2_grid,234,CORE,QUADRATURE_NOT_CONVERGED,stored adaptive-quadrature success=False; requested accuracy not achieved (including reported roundoff),UNRESOLVED,"{""x"": 0.7, ""v"": 0.04, ""tau"": 0.003968253968253968, ""K"": 1, ""kappa"": 1, ""theta"": 0.04, ""sigma"": 0.3, ""rho"": -0.7, ""r"": 0.03}","[""solver_error""]"
v2_grid,235,CORE,QUADRATURE_NOT_CONVERGED,stored adaptive-quadrature success=False; requested accuracy not achieved (including reported roundoff),UNRESOLVED,"{""x"": 0.7, ""v"": 0.04, ""tau"": 0.01, ""K"": 1, ""kappa"": 1, ""theta"": 0.04, ""sigma"": 0.3, ""rho"": -0.7, ""r"": 0.03}","[""solver_error""]"
v2_grid,236,CORE,QUADRATURE_NOT_CONVERGED,stored adaptive-quadrature success=False; requested accuracy not achieved (including reported roundoff),UNRESOLVED,"{""x"": 0.7, ""v"": 0.04, ""tau"": 0.1, ""K"": 1, ""kappa"": 1, ""theta"": 0.04, ""sigma"": 0.3, ""rho"": -0.7, ""r"": 0.03}","[""solver_error""]"
v2_grid,237,CORE,QUADRATURE_NOT_CONVERGED,stored adaptive-quadrature success=False; requested accuracy not achieved (including reported roundoff),UNRESOLVED,"{""x"": 0.7, ""v"": 0.04, ""tau"": 0.5, ""K"": 1, ""kappa"": 1, ""theta"": 0.04, ""sigma"": 0.3, ""rho"": -0.7, ""r"": 0.03}","[""solver_error""]"
v2_grid,238,CORE,QUADRATURE_NOT_CONVERGED,stored adaptive-quadrature success=False; requested accuracy not achieved (including reported roundoff),UNRESOLVED,"{""x"": 0.7, ""v"": 0.04, ""tau"": 1, ""K"": 1, ""kappa"": 1, ""theta"": 0.04, ""sigma"": 0.3, ""rho"": -0.7, ""r"": 0.03}","[""solver_error""]"
v2_grid,239,CORE,QUADRATURE_NOT_CONVERGED,stored adaptive-quadrature success=False; requested accuracy not achieved (including reported roundoff),UNRESOLVED,"{""x"": 0.7, ""v"": 0.04, ""tau"": 2, ""K"": 1, ""kappa"": 1, ""theta"": 0.04, ""sigma"": 0.3, ""rho"": -0.7, ""r"": 0.03}","[""solver_error""]"
v2_grid,240,CORE,QUADRATURE_NOT_CONVERGED,measured last-two cutoff changes exceed budget/4,UNRESOLVED,"{""x"": -0.7, ""v"": 0.01, ""tau"": 0.003968253968253968, ""K"": 1, ""kappa"": 4, ""theta"": 0.12, ""sigma"": 0.8, ""rho"": -0.1, ""r"": 0}","[""A_domain"", ""solver_error"", ""FD_uncertainty_budget_unresolved""]"
v2_grid,241,CORE,QUADRATURE_NOT_CONVERGED,measured last-two cutoff changes exceed budget/4,UNRESOLVED,"{""x"": -0.7, ""v"": 0.01, ""tau"": 0.01, ""K"": 1, ""kappa"": 4, ""theta"": 0.12, ""sigma"": 0.8, ""rho"": -0.1, ""r"": 0}","[""A_domain"", ""solver_error"", ""FD_uncertainty_budget_unresolved""]"
v2_grid,242,CORE,QUADRATURE_NOT_CONVERGED,stored adaptive-quadrature success=False; requested accuracy not achieved (including reported roundoff),UNRESOLVED,"{""x"": -0.7, ""v"": 0.01, ""tau"": 0.1, ""K"": 1, ""kappa"": 4, ""theta"": 0.12, ""sigma"": 0.8, ""rho"": -0.1, ""r"": 0}","[""solver_error"", ""FD_uncertainty_budget_unresolved""]"
v2_grid,243,CORE,QUADRATURE_NOT_CONVERGED,stored adaptive-quadrature success=False; requested accuracy not achieved (including reported roundoff),UNRESOLVED,"{""x"": -0.7, ""v"": 0.01, ""tau"": 0.5, ""K"": 1, ""kappa"": 4, ""theta"": 0.12, ""sigma"": 0.8, ""rho"": -0.1, ""r"": 0}","[""solver_error"", ""FD_uncertainty_budget_unresolved""]"
v2_grid,244,CORE,QUADRATURE_NOT_CONVERGED,stored adaptive-quadrature success=False; requested accuracy not achieved (including reported roundoff),UNRESOLVED,"{""x"": -0.7, ""v"": 0.01, ""tau"": 1, ""K"": 1, ""kappa"": 4, ""theta"": 0.12, ""sigma"": 0.8, ""rho"": -0.1, ""r"": 0}","[""solver_error""]"
v2_grid,245,CORE,QUADRATURE_NOT_CONVERGED,stored adaptive-quadrature success=False; requested accuracy not achieved (including reported roundoff),UNRESOLVED,"{""x"": -0.7, ""v"": 0.01, ""tau"": 2, ""K"": 1, ""kappa"": 4, ""theta"": 0.12, ""sigma"": 0.8, ""rho"": -0.1, ""r"": 0}","[""solver_error""]"
v2_grid,246,CORE,QUADRATURE_NOT_CONVERGED,stored adaptive-quadrature success=False; requested accuracy not achieved (including reported roundoff),UNRESOLVED,"{""x"": -0.7, ""v"": 0.04, ""tau"": 0.003968253968253968, ""K"": 1, ""kappa"": 4, ""theta"": 0.12, ""sigma"": 0.8, ""rho"": -0.1, ""r"": 0}","[""solver_error"", ""FD_uncertainty_budget_unresolved""]"
v2_grid,247,CORE,QUADRATURE_NOT_CONVERGED,stored adaptive-quadrature success=False; requested accuracy not achieved (including reported roundoff),UNRESOLVED,"{""x"": -0.7, ""v"": 0.04, ""tau"": 0.01, ""K"": 1, ""kappa"": 4, ""theta"": 0.12, ""sigma"": 0.8, ""rho"": -0.1, ""r"": 0}","[""solver_error"", ""FD_uncertainty_budget_unresolved""]"
v2_grid,248,CORE,QUADRATURE_NOT_CONVERGED,stored adaptive-quadrature success=False; requested accuracy not achieved (including reported roundoff),UNRESOLVED,"{""x"": -0.7, ""v"": 0.04, ""tau"": 0.1, ""K"": 1, ""kappa"": 4, ""theta"": 0.12, ""sigma"": 0.8, ""rho"": -0.1, ""r"": 0}","[""solver_error"", ""FD_uncertainty_budget_unresolved""]"
v2_grid,249,CORE,QUADRATURE_NOT_CONVERGED,stored adaptive-quadrature success=False; requested accuracy not achieved (including reported roundoff),UNRESOLVED,"{""x"": -0.7, ""v"": 0.04, ""tau"": 0.5, ""K"": 1, ""kappa"": 4, ""theta"": 0.12, ""sigma"": 0.8, ""rho"": -0.1, ""r"": 0}","[""solver_error"", ""FD_uncertainty_budget_unresolved""]"
v2_grid,250,CORE,QUADRATURE_NOT_CONVERGED,stored adaptive-quadrature success=False; requested accuracy not achieved (including reported roundoff),UNRESOLVED,"{""x"": -0.7, ""v"": 0.04, ""tau"": 1, ""K"": 1, ""kappa"": 4, ""theta"": 0.12, ""sigma"": 0.8, ""rho"": -0.1, ""r"": 0}","[""solver_error""]"
v2_grid,251,CORE,QUADRATURE_NOT_CONVERGED,stored adaptive-quadrature success=False; requested accuracy not achieved (including reported roundoff),UNRESOLVED,"{""x"": -0.7, ""v"": 0.04, ""tau"": 2, ""K"": 1, ""kappa"": 4, ""theta"": 0.12, ""sigma"": 0.8, ""rho"": -0.1, ""r"": 0}","[""solver_error""]"
v2_grid,252,CORE,QUADRATURE_NOT_CONVERGED,measured last-two cutoff changes exceed budget/4,UNRESOLVED,"{""x"": -0.1, ""v"": 0.01, ""tau"": 0.003968253968253968, ""K"": 1, ""kappa"": 4, ""theta"": 0.12, ""sigma"": 0.8, ""rho"": -0.1, ""r"": 0}","[""A_domain"", ""solver_error"", ""FD_uncertainty_budget_unresolved""]"
v2_grid,253,CORE,QUADRATURE_NOT_CONVERGED,measured last-two cutoff changes exceed budget/4,UNRESOLVED,"{""x"": -0.1, ""v"": 0.01, ""tau"": 0.01, ""K"": 1, ""kappa"": 4, ""theta"": 0.12, ""sigma"": 0.8, ""rho"": -0.1, ""r"": 0}","[""A_domain"", ""solver_error"", ""FD_uncertainty_budget_unresolved""]"
v2_grid,254,CORE,QUADRATURE_NOT_CONVERGED,stored adaptive-quadrature success=False; requested accuracy not achieved (including reported roundoff),UNRESOLVED,"{""x"": -0.1, ""v"": 0.01, ""tau"": 0.1, ""K"": 1, ""kappa"": 4, ""theta"": 0.12, ""sigma"": 0.8, ""rho"": -0.1, ""r"": 0}","[""solver_error""]"
v2_grid,256,CORE,QUADRATURE_NOT_CONVERGED,stored adaptive-quadrature success=False; requested accuracy not achieved (including reported roundoff),UNRESOLVED,"{""x"": -0.1, ""v"": 0.01, ""tau"": 1, ""K"": 1, ""kappa"": 4, ""theta"": 0.12, ""sigma"": 0.8, ""rho"": -0.1, ""r"": 0}","[""solver_error""]"
v2_grid,257,CORE,QUADRATURE_NOT_CONVERGED,stored adaptive-quadrature success=False; requested accuracy not achieved (including reported roundoff),UNRESOLVED,"{""x"": -0.1, ""v"": 0.01, ""tau"": 2, ""K"": 1, ""kappa"": 4, ""theta"": 0.12, ""sigma"": 0.8, ""rho"": -0.1, ""r"": 0}","[""solver_error""]"
v2_grid,258,CORE,QUADRATURE_NOT_CONVERGED,stored adaptive-quadrature success=False; requested accuracy not achieved (including reported roundoff),UNRESOLVED,"{""x"": -0.1, ""v"": 0.04, ""tau"": 0.003968253968253968, ""K"": 1, ""kappa"": 4, ""theta"": 0.12, ""sigma"": 0.8, ""rho"": -0.1, ""r"": 0}","[""solver_error"", ""FD_uncertainty_budget_unresolved""]"
v2_grid,259,CORE,QUADRATURE_NOT_CONVERGED,stored adaptive-quadrature success=False; requested accuracy not achieved (including reported roundoff),UNRESOLVED,"{""x"": -0.1, ""v"": 0.04, ""tau"": 0.01, ""K"": 1, ""kappa"": 4, ""theta"": 0.12, ""sigma"": 0.8, ""rho"": -0.1, ""r"": 0}","[""solver_error"", ""FD_uncertainty_budget_unresolved""]"
v2_grid,260,CORE,QUADRATURE_NOT_CONVERGED,stored adaptive-quadrature success=False; requested accuracy not achieved (including reported roundoff),UNRESOLVED,"{""x"": -0.1, ""v"": 0.04, ""tau"": 0.1, ""K"": 1, ""kappa"": 4, ""theta"": 0.12, ""sigma"": 0.8, ""rho"": -0.1, ""r"": 0}","[""solver_error""]"
v2_grid,261,CORE,QUADRATURE_NOT_CONVERGED,stored adaptive-quadrature success=False; requested accuracy not achieved (including reported roundoff),UNRESOLVED,"{""x"": -0.1, ""v"": 0.04, ""tau"": 0.5, ""K"": 1, ""kappa"": 4, ""theta"": 0.12, ""sigma"": 0.8, ""rho"": -0.1, ""r"": 0}","[""solver_error""]"
v2_grid,262,CORE,QUADRATURE_NOT_CONVERGED,stored adaptive-quadrature success=False; requested accuracy not achieved (including reported roundoff),UNRESOLVED,"{""x"": -0.1, ""v"": 0.04, ""tau"": 1, ""K"": 1, ""kappa"": 4, ""theta"": 0.12, ""sigma"": 0.8, ""rho"": -0.1, ""r"": 0}","[""solver_error""]"
v2_grid,263,CORE,QUADRATURE_NOT_CONVERGED,stored adaptive-quadrature success=False; requested accuracy not achieved (including reported roundoff),UNRESOLVED,"{""x"": -0.1, ""v"": 0.04, ""tau"": 2, ""K"": 1, ""kappa"": 4, ""theta"": 0.12, ""sigma"": 0.8, ""rho"": -0.1, ""r"": 0}","[""solver_error""]"
v2_grid,264,CORE,FD_TRUNCATION,legacy last-two FD changes exceed budget; independently refined MP prices/Greeks and smaller physical-step windows meet unchanged budgets,NUMERICALLY_RESOLVED,"{""x"": 0, ""v"": 0.01, ""tau"": 0.003968253968253968, ""K"": 1, ""kappa"": 4, ""theta"": 0.12, ""sigma"": 0.8, ""rho"": -0.1, ""r"": 0}","[""A_domain"", ""FD_derivative_amplification_or_truncation""]"
v2_grid,265,CORE,FD_TRUNCATION,legacy last-two FD changes exceed budget; independently refined MP prices/Greeks and smaller physical-step windows meet unchanged budgets,NUMERICALLY_RESOLVED,"{""x"": 0, ""v"": 0.01, ""tau"": 0.01, ""K"": 1, ""kappa"": 4, ""theta"": 0.12, ""sigma"": 0.8, ""rho"": -0.1, ""r"": 0}","[""A_domain"", ""FD_derivative_amplification_or_truncation""]"
v2_grid,267,CORE,QUADRATURE_NOT_CONVERGED,stored adaptive-quadrature success=False; requested accuracy not achieved (including reported roundoff),UNRESOLVED,"{""x"": 0, ""v"": 0.01, ""tau"": 0.5, ""K"": 1, ""kappa"": 4, ""theta"": 0.12, ""sigma"": 0.8, ""rho"": -0.1, ""r"": 0}","[""solver_error""]"
v2_grid,268,CORE,QUADRATURE_NOT_CONVERGED,stored adaptive-quadrature success=False; requested accuracy not achieved (including reported roundoff),UNRESOLVED,"{""x"": 0, ""v"": 0.01, ""tau"": 1, ""K"": 1, ""kappa"": 4, ""theta"": 0.12, ""sigma"": 0.8, ""rho"": -0.1, ""r"": 0}","[""solver_error""]"
v2_grid,269,CORE,QUADRATURE_NOT_CONVERGED,stored adaptive-quadrature success=False; requested accuracy not achieved (including reported roundoff),UNRESOLVED,"{""x"": 0, ""v"": 0.01, ""tau"": 2, ""K"": 1, ""kappa"": 4, ""theta"": 0.12, ""sigma"": 0.8, ""rho"": -0.1, ""r"": 0}","[""solver_error""]"
v2_grid,270,CORE,FD_TRUNCATION,legacy last-two FD changes exceed budget; independently refined MP prices/Greeks and smaller physical-step windows meet unchanged budgets,NUMERICALLY_RESOLVED,"{""x"": 0, ""v"": 0.04, ""tau"": 0.003968253968253968, ""K"": 1, ""kappa"": 4, ""theta"": 0.12, ""sigma"": 0.8, ""rho"": -0.1, ""r"": 0}","[""FD_derivative_amplification_or_truncation""]"
v2_grid,271,CORE,QUADRATURE_NOT_CONVERGED,stored adaptive-quadrature success=False; requested accuracy not achieved (including reported roundoff),UNRESOLVED,"{""x"": 0, ""v"": 0.04, ""tau"": 0.01, ""K"": 1, ""kappa"": 4, ""theta"": 0.12, ""sigma"": 0.8, ""rho"": -0.1, ""r"": 0}","[""solver_error""]"
v2_grid,272,CORE,QUADRATURE_NOT_CONVERGED,stored adaptive-quadrature success=False; requested accuracy not achieved (including reported roundoff),UNRESOLVED,"{""x"": 0, ""v"": 0.04, ""tau"": 0.1, ""K"": 1, ""kappa"": 4, ""theta"": 0.12, ""sigma"": 0.8, ""rho"": -0.1, ""r"": 0}","[""solver_error""]"
v2_grid,274,CORE,QUADRATURE_NOT_CONVERGED,stored adaptive-quadrature success=False; requested accuracy not achieved (including reported roundoff),UNRESOLVED,"{""x"": 0, ""v"": 0.04, ""tau"": 1, ""K"": 1, ""kappa"": 4, ""theta"": 0.12, ""sigma"": 0.8, ""rho"": -0.1, ""r"": 0}","[""solver_error""]"
v2_grid,275,CORE,QUADRATURE_NOT_CONVERGED,stored adaptive-quadrature success=False; requested accuracy not achieved (including reported roundoff),UNRESOLVED,"{""x"": 0, ""v"": 0.04, ""tau"": 2, ""K"": 1, ""kappa"": 4, ""theta"": 0.12, ""sigma"": 0.8, ""rho"": -0.1, ""r"": 0}","[""solver_error""]"
v2_grid,276,CORE,QUADRATURE_NOT_CONVERGED,measured last-two cutoff changes exceed budget/4,UNRESOLVED,"{""x"": 0.1, ""v"": 0.01, ""tau"": 0.003968253968253968, ""K"": 1, ""kappa"": 4, ""theta"": 0.12, ""sigma"": 0.8, ""rho"": -0.1, ""r"": 0}","[""A_domain"", ""solver_error"", ""FD_uncertainty_budget_unresolved""]"
v2_grid,277,CORE,QUADRATURE_NOT_CONVERGED,measured last-two cutoff changes exceed budget/4,UNRESOLVED,"{""x"": 0.1, ""v"": 0.01, ""tau"": 0.01, ""K"": 1, ""kappa"": 4, ""theta"": 0.12, ""sigma"": 0.8, ""rho"": -0.1, ""r"": 0}","[""A_domain"", ""solver_error"", ""FD_uncertainty_budget_unresolved""]"
v2_grid,278,CORE,QUADRATURE_NOT_CONVERGED,stored adaptive-quadrature success=False; requested accuracy not achieved (including reported roundoff),UNRESOLVED,"{""x"": 0.1, ""v"": 0.01, ""tau"": 0.1, ""K"": 1, ""kappa"": 4, ""theta"": 0.12, ""sigma"": 0.8, ""rho"": -0.1, ""r"": 0}","[""solver_error""]"
v2_grid,280,CORE,QUADRATURE_NOT_CONVERGED,stored adaptive-quadrature success=False; requested accuracy not achieved (including reported roundoff),UNRESOLVED,"{""x"": 0.1, ""v"": 0.01, ""tau"": 1, ""K"": 1, ""kappa"": 4, ""theta"": 0.12, ""sigma"": 0.8, ""rho"": -0.1, ""r"": 0}","[""solver_error""]"
v2_grid,281,CORE,QUADRATURE_NOT_CONVERGED,stored adaptive-quadrature success=False; requested accuracy not achieved (including reported roundoff),UNRESOLVED,"{""x"": 0.1, ""v"": 0.01, ""tau"": 2, ""K"": 1, ""kappa"": 4, ""theta"": 0.12, ""sigma"": 0.8, ""rho"": -0.1, ""r"": 0}","[""solver_error""]"
v2_grid,282,CORE,QUADRATURE_NOT_CONVERGED,stored adaptive-quadrature success=False; requested accuracy not achieved (including reported roundoff),UNRESOLVED,"{""x"": 0.1, ""v"": 0.04, ""tau"": 0.003968253968253968, ""K"": 1, ""kappa"": 4, ""theta"": 0.12, ""sigma"": 0.8, ""rho"": -0.1, ""r"": 0}","[""solver_error"", ""FD_uncertainty_budget_unresolved""]"
v2_grid,283,CORE,QUADRATURE_NOT_CONVERGED,stored adaptive-quadrature success=False; requested accuracy not achieved (including reported roundoff),UNRESOLVED,"{""x"": 0.1, ""v"": 0.04, ""tau"": 0.01, ""K"": 1, ""kappa"": 4, ""theta"": 0.12, ""sigma"": 0.8, ""rho"": -0.1, ""r"": 0}","[""solver_error""]"
v2_grid,284,CORE,QUADRATURE_NOT_CONVERGED,stored adaptive-quadrature success=False; requested accuracy not achieved (including reported roundoff),UNRESOLVED,"{""x"": 0.1, ""v"": 0.04, ""tau"": 0.1, ""K"": 1, ""kappa"": 4, ""theta"": 0.12, ""sigma"": 0.8, ""rho"": -0.1, ""r"": 0}","[""solver_error""]"
v2_grid,285,CORE,QUADRATURE_NOT_CONVERGED,stored adaptive-quadrature success=False; requested accuracy not achieved (including reported roundoff),UNRESOLVED,"{""x"": 0.1, ""v"": 0.04, ""tau"": 0.5, ""K"": 1, ""kappa"": 4, ""theta"": 0.12, ""sigma"": 0.8, ""rho"": -0.1, ""r"": 0}","[""solver_error""]"
v2_grid,286,CORE,QUADRATURE_NOT_CONVERGED,stored adaptive-quadrature success=False; requested accuracy not achieved (including reported roundoff),UNRESOLVED,"{""x"": 0.1, ""v"": 0.04, ""tau"": 1, ""K"": 1, ""kappa"": 4, ""theta"": 0.12, ""sigma"": 0.8, ""rho"": -0.1, ""r"": 0}","[""solver_error""]"
v2_grid,287,CORE,QUADRATURE_NOT_CONVERGED,stored adaptive-quadrature success=False; requested accuracy not achieved (including reported roundoff),UNRESOLVED,"{""x"": 0.1, ""v"": 0.04, ""tau"": 2, ""K"": 1, ""kappa"": 4, ""theta"": 0.12, ""sigma"": 0.8, ""rho"": -0.1, ""r"": 0}","[""solver_error""]"
v2_grid,288,CORE,QUADRATURE_NOT_CONVERGED,measured last-two cutoff changes exceed budget/4,UNRESOLVED,"{""x"": 0.7, ""v"": 0.01, ""tau"": 0.003968253968253968, ""K"": 1, ""kappa"": 4, ""theta"": 0.12, ""sigma"": 0.8, ""rho"": -0.1, ""r"": 0}","[""A_domain"", ""solver_error"", ""FD_uncertainty_budget_unresolved""]"
v2_grid,289,CORE,QUADRATURE_NOT_CONVERGED,measured last-two cutoff changes exceed budget/4,UNRESOLVED,"{""x"": 0.7, ""v"": 0.01, ""tau"": 0.01, ""K"": 1, ""kappa"": 4, ""theta"": 0.12, ""sigma"": 0.8, ""rho"": -0.1, ""r"": 0}","[""A_domain"", ""solver_error""]"
v2_grid,290,CORE,QUADRATURE_NOT_CONVERGED,stored adaptive-quadrature success=False; requested accuracy not achieved (including reported roundoff),UNRESOLVED,"{""x"": 0.7, ""v"": 0.01, ""tau"": 0.1, ""K"": 1, ""kappa"": 4, ""theta"": 0.12, ""sigma"": 0.8, ""rho"": -0.1, ""r"": 0}","[""solver_error""]"
v2_grid,291,CORE,QUADRATURE_NOT_CONVERGED,stored adaptive-quadrature success=False; requested accuracy not achieved (including reported roundoff),UNRESOLVED,"{""x"": 0.7, ""v"": 0.01, ""tau"": 0.5, ""K"": 1, ""kappa"": 4, ""theta"": 0.12, ""sigma"": 0.8, ""rho"": -0.1, ""r"": 0}","[""solver_error""]"
v2_grid,292,CORE,QUADRATURE_NOT_CONVERGED,stored adaptive-quadrature success=False; requested accuracy not achieved (including reported roundoff),UNRESOLVED,"{""x"": 0.7, ""v"": 0.01, ""tau"": 1, ""K"": 1, ""kappa"": 4, ""theta"": 0.12, ""sigma"": 0.8, ""rho"": -0.1, ""r"": 0}","[""solver_error""]"
v2_grid,293,CORE,QUADRATURE_NOT_CONVERGED,stored adaptive-quadrature success=False; requested accuracy not achieved (including reported roundoff),UNRESOLVED,"{""x"": 0.7, ""v"": 0.01, ""tau"": 2, ""K"": 1, ""kappa"": 4, ""theta"": 0.12, ""sigma"": 0.8, ""rho"": -0.1, ""r"": 0}","[""solver_error""]"
v2_grid,294,CORE,QUADRATURE_NOT_CONVERGED,stored adaptive-quadrature success=False; requested accuracy not achieved (including reported roundoff),UNRESOLVED,"{""x"": 0.7, ""v"": 0.04, ""tau"": 0.003968253968253968, ""K"": 1, ""kappa"": 4, ""theta"": 0.12, ""sigma"": 0.8, ""rho"": -0.1, ""r"": 0}","[""solver_error""]"
v2_grid,295,CORE,QUADRATURE_NOT_CONVERGED,stored adaptive-quadrature success=False; requested accuracy not achieved (including reported roundoff),UNRESOLVED,"{""x"": 0.7, ""v"": 0.04, ""tau"": 0.01, ""K"": 1, ""kappa"": 4, ""theta"": 0.12, ""sigma"": 0.8, ""rho"": -0.1, ""r"": 0}","[""solver_error""]"
v2_grid,296,CORE,QUADRATURE_NOT_CONVERGED,stored adaptive-quadrature success=False; requested accuracy not achieved (including reported roundoff),UNRESOLVED,"{""x"": 0.7, ""v"": 0.04, ""tau"": 0.1, ""K"": 1, ""kappa"": 4, ""theta"": 0.12, ""sigma"": 0.8, ""rho"": -0.1, ""r"": 0}","[""solver_error""]"
v2_grid,297,CORE,QUADRATURE_NOT_CONVERGED,stored adaptive-quadrature success=False; requested accuracy not achieved (including reported roundoff),UNRESOLVED,"{""x"": 0.7, ""v"": 0.04, ""tau"": 0.5, ""K"": 1, ""kappa"": 4, ""theta"": 0.12, ""sigma"": 0.8, ""rho"": -0.1, ""r"": 0}","[""solver_error""]"
v2_grid,298,CORE,QUADRATURE_NOT_CONVERGED,stored adaptive-quadrature success=False; requested accuracy not achieved (including reported roundoff),UNRESOLVED,"{""x"": 0.7, ""v"": 0.04, ""tau"": 1, ""K"": 1, ""kappa"": 4, ""theta"": 0.12, ""sigma"": 0.8, ""rho"": -0.1, ""r"": 0}","[""solver_error""]"
v2_grid,299,CORE,QUADRATURE_NOT_CONVERGED,stored adaptive-quadrature success=False; requested accuracy not achieved (including reported roundoff),UNRESOLVED,"{""x"": 0.7, ""v"": 0.04, ""tau"": 2, ""K"": 1, ""kappa"": 4, ""theta"": 0.12, ""sigma"": 0.8, ""rho"": -0.1, ""r"": 0}","[""solver_error""]"
